date,ESI,RECESSION,stress_level,Inflation,Labour,Financial,Monetary,Real,ESI_expanding,ESI_ML
1971-02-01,,0.0,,,,,,,,
1971-03-01,,0.0,,,,,,,,
1971-04-01,,0.0,,,,,,,,
1971-05-01,,0.0,,,,,,,,
1971-06-01,,0.0,,,,,,,,
1971-07-01,,0.0,,,,,,,,
1971-08-01,,0.0,,,,,,,,
1971-09-01,,0.0,,,,,,,,
1971-10-01,,0.0,,,,,,,,
1971-11-01,,0.0,,,,,,,,
1971-12-01,,0.0,,,,,,,,
1972-01-01,,0.0,,,,,,,,
1972-02-01,,0.0,,,,,,,,
1972-03-01,,0.0,,,,,,,,
1972-04-01,,0.0,,,,,,,,
1972-05-01,,0.0,,,,,,,,
1972-06-01,,0.0,,,,,,,,
1972-07-01,,0.0,,,,,,,,
1972-08-01,,0.0,,,,,,,,
1972-09-01,,0.0,,,,,,,,
1972-10-01,,0.0,,,,,,,,
1972-11-01,,0.0,,,,,,,,
1972-12-01,,0.0,,,,,,,,
1973-01-01,,0.0,,,,,,,,
1973-02-01,,0.0,,,,,,,,
1973-03-01,,0.0,,,,,,,,
1973-04-01,,0.0,,,,,,,,
1973-05-01,,0.0,,,,,,,,
1973-06-01,,0.0,,,,,,,,
1973-07-01,,0.0,,,,,,,,
1973-08-01,,0.0,,,,,,,,
1973-09-01,,0.0,,,,,,,,
1973-10-01,,0.0,,,,,,,,
1973-11-01,,0.0,,,,,,,,
1973-12-01,,1.0,,,,,,,,
1974-01-01,,1.0,,,,,,,,
1974-02-01,,1.0,,,,,,,,
1974-03-01,,1.0,,,,,,,,
1974-04-01,,1.0,,,,,,,,
1974-05-01,,1.0,,,,,,,,
1974-06-01,,1.0,,,,,,,,
1974-07-01,,1.0,,,,,,,,
1974-08-01,,1.0,,,,,,,,
1974-09-01,,1.0,,,,,,,,
1974-10-01,,1.0,,,,,,,,
1974-11-01,,1.0,,,,,,,,
1974-12-01,,1.0,,,,,,,,
1975-01-01,,1.0,,,,,,,,
1975-02-01,,1.0,,,,,,,,
1975-03-01,,1.0,,,,,,,,
1975-04-01,,0.0,,,,,,,,
1975-05-01,,0.0,,,,,,,,
1975-06-01,,0.0,,,,,,,,
1975-07-01,,0.0,,,,,,,,
1975-08-01,,0.0,,,,,,,,
1975-09-01,,0.0,,,,,,,,
1975-10-01,,0.0,,,,,,,,
1975-11-01,,0.0,,,,,,,,
1975-12-01,,0.0,,,,,,,,
1976-01-01,,0.0,,,,,,,,
1976-02-01,,0.0,,,,,,,,
1976-03-01,,0.0,,,,,,,,
1976-04-01,,0.0,,,,,,,,
1976-05-01,,0.0,,,,,,,,
1976-06-01,,0.0,,,,,,,,
1976-07-01,,0.0,,,,,,,,
1976-08-01,,0.0,,,,,,,,
1976-09-01,,0.0,,,,,,,,
1976-10-01,,0.0,,,,,,,,
1976-11-01,,0.0,,,,,,,,
1976-12-01,,0.0,,,,,,,,
1977-01-01,,0.0,,,,,,,,
1977-02-01,,0.0,,,,,,,,
1977-03-01,,0.0,,,,,,,,
1977-04-01,,0.0,,,,,,,,
1977-05-01,,0.0,,,,,,,,
1977-06-01,,0.0,,,,,,,,
1977-07-01,,0.0,,,,,,,,
1977-08-01,,0.0,,,,,,,,
1977-09-01,,0.0,,,,,,,,
1977-10-01,,0.0,,,,,,,,
1977-11-01,,0.0,,,,,,,,
1977-12-01,,0.0,,,,,,,,
1978-01-01,,0.0,,,,,,,,
1978-02-01,,0.0,,,,,,,,
1978-03-01,,0.0,,,,,,,,
1978-04-01,,0.0,,,,,,,,
1978-05-01,,0.0,,,,,,,,
1978-06-01,,0.0,,,,,,,,
1978-07-01,,0.0,,,,,,,,
1978-08-01,,0.0,,,,,,,,
1978-09-01,,0.0,,,,,,,,
1978-10-01,,0.0,,,,,,,,
1978-11-01,,0.0,,,,,,,,
1978-12-01,,0.0,,,,,,,,
1979-01-01,,0.0,,,,,,,,
1979-02-01,92.7435299178546,0.0,Extreme,,100.0,,93.87755102040816,2.0408163265306123,92.7435299178546,
1979-03-01,92.14868647148852,0.0,Extreme,,100.0,,92.0,8.0,92.14868647148852,
1979-04-01,87.14380310596401,0.0,Extreme,,100.0,,78.43137254901961,25.49019607843137,87.14380310596401,
1979-05-01,80.28633694225026,0.0,Extreme,,94.11764705882352,,69.23076923076923,25.0,80.28633694225026,
1979-06-01,78.20780038203156,0.0,High,,94.44444444444444,,62.264150943396224,28.30188679245283,78.20780038203156,
1979-07-01,72.7346255202682,0.0,High,,84.21052631578947,,61.11111111111112,38.88888888888889,72.7346255202682,
1979-08-01,84.10006356100874,0.0,Extreme,,100.0,,65.45454545454545,45.45454545454545,84.10006356100874,
1979-09-01,85.71428571428572,0.0,Extreme,,100.0,,71.42857142857143,42.85714285714285,85.71428571428572,
1979-10-01,97.41452533619092,0.0,Extreme,,100.0,,100.0,42.10526315789473,97.41452533619092,
1979-11-01,94.42142513786406,0.0,Extreme,,100.0,,93.10344827586206,46.55172413793103,94.42142513786406,
1979-12-01,94.6747742758489,0.0,Extreme,,100.0,,93.22033898305084,50.84745762711864,94.6747742758489,
1980-01-01,92.26755706193886,0.0,Extreme,,100.0,,88.33333333333333,45.0,92.26755706193886,
1980-02-01,93.6724469162088,1.0,Extreme,,100.0,,90.1639344262295,57.377049180327866,93.6724469162088,
1980-03-01,97.83911941587805,1.0,Extreme,,100.0,,100.0,51.61290322580645,97.83911941587805,
1980-04-01,97.4481029292274,1.0,Extreme,,100.0,,100.0,42.85714285714285,97.4481029292274,
1980-05-01,85.30043315479404,1.0,Extreme,,100.0,,17.1875,75.0,85.30043315479404,
1980-06-01,86.43904838842482,1.0,Extreme,,100.0,,12.307692307692308,78.46153846153847,86.43904838842482,
1980-07-01,87.27672899316622,1.0,Extreme,,100.0,,13.636363636363637,80.3030303030303,87.27672899316622,
1980-08-01,83.92645745063464,0.0,Extreme,,93.75,,22.388059701492537,79.1044776119403,83.92645745063464,
1980-09-01,79.93593936932093,0.0,High,,87.87878787878788,,48.52941176470589,73.52941176470588,79.93593936932093,
1980-10-01,80.14388786726305,0.0,Extreme,,85.29411764705883,,68.11594202898551,73.91304347826086,80.14388786726305,
1980-11-01,89.24454062161884,0.0,Extreme,,80.0,,97.14285714285714,70.0,89.24454062161884,
1980-12-01,88.34805444940395,0.0,Extreme,,75.0,,100.0,59.15492957746479,88.34805444940395,
1981-01-01,85.845665395822,0.0,Extreme,,67.56756756756756,,97.2222222222222,66.66666666666666,85.845665395822,
1981-02-01,82.96467728949538,0.0,Extreme,,68.42105263157895,,91.78082191780824,68.4931506849315,82.96467728949538,
1981-03-01,69.64632379843988,0.0,High,,66.66666666666666,,58.108108108108105,72.97297297297297,69.74724632108038,
1981-04-01,83.05533682950558,0.0,Extreme,,60.0,,86.66666666666667,81.33333333333333,84.47054315965863,
1981-05-01,82.53810272445752,0.0,Extreme,,53.65853658536586,,100.0,53.94736842105263,82.53810272445752,
1981-06-01,77.92921084865624,0.0,High,,52.38095238095239,,100.0,23.37662337662337,77.79315669381846,
1981-07-01,74.46979690362224,0.0,High,,51.16279069767442,,96.15384615384616,15.384615384615383,73.74977918896343,
1981-08-01,74.20426615978049,1.0,High,,59.09090909090909,,91.13924050632912,15.18987341772152,74.20426615978049,
1981-09-01,76.43729388505619,1.0,High,,68.88888888888889,,87.5,23.75,75.41054648124216,
1981-10-01,76.11120781542296,1.0,High,,82.6086956521739,,71.60493827160494,45.67901234567901,76.41268613020897,
1981-11-01,76.39151722581587,1.0,High,,85.1063829787234,,23.170731707317078,71.95121951219512,74.87054610704779,
1981-12-01,84.5933788910958,1.0,Extreme,,89.58333333333334,,20.48192771084337,85.54216867469879,84.5933788910958,
1982-01-01,87.61615473246117,1.0,Extreme,,89.79591836734694,,46.42857142857143,89.28571428571429,87.05420724540245,
1982-02-01,88.3992466247947,1.0,Extreme,,90.0,,87.05882352941177,82.35294117647058,88.3247920073313,
1982-03-01,88.97699396875579,1.0,Extreme,,90.19607843137256,,88.37209302325581,81.3953488372093,88.97699396875579,
1982-04-01,88.34957492029865,1.0,Extreme,,92.3076923076923,,83.9080459770115,78.16091954022988,88.61799330438902,
1982-05-01,89.01738586983578,1.0,Extreme,,94.33962264150944,,64.77272727272727,85.22727272727273,89.36738282419498,
1982-06-01,89.41146062932836,1.0,Extreme,,94.44444444444444,,51.68539325842697,87.64044943820225,89.68314213550977,
1982-07-01,89.51884484790621,1.0,Extreme,,96.36363636363636,,42.22222222222222,86.66666666666667,89.57312369766112,
1982-08-01,89.09643455212226,1.0,Extreme,,96.42857142857144,,20.87912087912088,87.91208791208791,89.09643455212226,
1982-09-01,89.4047667347071,1.0,Extreme,,96.49122807017544,,35.869565217391305,86.95652173913044,89.61354635854218,
1982-10-01,87.76147221496544,1.0,Extreme,,96.55172413793105,,29.03225806451613,83.87096774193549,88.42866010820245,
1982-11-01,84.60621595614937,1.0,Extreme,,93.22033898305084,,43.61702127659575,78.72340425531915,84.66669324754592,
1982-12-01,77.36247227214426,0.0,High,,80.0,,43.15789473684211,77.89473684210526,76.87683124698349,
1983-01-01,75.83931315025025,0.0,High,,68.85245901639344,,33.33333333333333,85.41666666666666,74.88196674913698,
1983-02-01,81.53531883759115,0.0,Extreme,,62.903225806451616,,26.804123711340207,100.0,81.98746865651782,
1983-03-01,80.9098019673025,0.0,Extreme,,57.14285714285714,,42.85714285714285,98.9795918367347,80.20245953060238,
1983-04-01,74.32914996162273,0.0,High,,45.3125,,45.45454545454545,91.91919191919192,74.44732150018453,
1983-05-01,73.15662285982931,0.0,High,,40.0,,47.0,91.0,72.01153305794931,
1983-06-01,70.23195342243794,0.0,High,,31.818181818181817,,51.48514851485149,86.13861386138613,69.33210083989812,
1983-07-01,66.59653834503648,0.0,High,,20.8955223880597,,56.86274509803921,78.43137254901961,66.73587504039666,
1983-08-01,63.58341772124456,0.0,High,,20.588235294117645,,67.96116504854369,63.10679611650486,65.23106082003248,
1983-09-01,47.25464554864182,0.0,Moderate,,5.797101449275362,,52.88461538461539,45.19230769230769,48.90114676051149,
1983-10-01,42.496252339235824,0.0,Moderate,,1.4285714285714286,,51.42857142857142,36.19047619047619,44.06639054613335,
1983-11-01,38.3046913832472,0.0,Moderate,,0.0,,50.0,27.358490566037734,38.84811953377943,
1983-12-01,34.5208970698751,0.0,Moderate,,0.0,,50.467289719626166,14.018691588785046,34.76800253128643,
1984-01-01,29.94855586320704,0.0,Low,,0.0,,48.14814814814815,0.0,30.701394806689,
1984-02-01,29.67379846996661,0.0,Low,,0.0,,47.70642201834863,0.0,29.67379846996661,
1984-03-01,30.14318762838556,0.0,Moderate,,0.0,,48.18181818181818,0.9090909090909092,31.274043339555,
1984-04-01,37.26313234632509,0.0,Moderate,,2.631578947368421,,58.55855855855856,1.8018018018018016,38.38382733385298,
1984-05-01,39.40220637338631,0.0,Moderate,,3.896103896103896,,61.60714285714286,1.7857142857142856,42.73370963386458,
1984-06-01,50.88265512383143,0.0,Moderate,,6.41025641025641,,78.76106194690266,3.5398230088495577,51.73275211423605,
1984-07-01,52.72999085252847,0.0,Moderate,,8.860759493670885,,80.7017543859649,4.385964912280701,53.56733066462967,
1984-08-01,56.45436809056477,0.0,Moderate,,10.0,,86.08695652173914,5.217391304347826,56.994899961385535,
1984-09-01,53.31607283653268,0.0,Moderate,,12.34567901234568,,79.3103448275862,8.620689655172415,54.54226645432249,
1984-10-01,37.19595592233989,0.0,Moderate,,17.073170731707318,,51.28205128205128,10.256410256410255,39.32220262093481,
1984-11-01,29.67410804645711,0.0,Low,,18.072289156626507,,38.13559322033898,12.71186440677966,31.499713222863296,
1984-12-01,21.972133841834225,0.0,Low,,23.809523809523807,,18.487394957983195,19.327731092436977,21.50397036629006,
1985-01-01,27.39620511397002,0.0,Low,,18.823529411764707,,19.166666666666668,32.5,29.825665363509447,
1985-02-01,32.23583853368957,0.0,Moderate,,22.093023255813957,,31.40495867768595,33.88429752066116,35.2686515744198,
1985-03-01,37.20409931983751,0.0,Moderate,,22.988505747126435,,43.44262295081967,29.508196721311474,38.75502636354192,
1985-04-01,34.138228764504234,0.0,Moderate,,32.95454545454545,,35.77235772357724,26.82926829268293,35.43198264208743,
1985-05-01,34.98438324454029,0.0,Moderate,,37.07865168539326,,22.58064516129032,33.87096774193548,36.62792804314177,
1985-06-01,42.146655574035584,0.0,Moderate,,40.0,,16.0,46.400000000000006,43.92812887481599,
1985-07-01,49.24841116657456,0.0,Moderate,,37.362637362637365,,19.047619047619047,60.31746031746032,48.60947297442954,
1985-08-01,52.93760082215719,0.0,Moderate,,38.04347826086957,,23.62204724409449,65.35433070866141,53.45821251027811,
1985-09-01,50.052194300927376,0.0,Moderate,,41.935483870967744,,28.125,57.8125,50.12736054873834,
1985-10-01,51.90805421121004,0.0,Moderate,,45.74468085106383,,37.98449612403101,57.36434108527132,50.67439120305073,
1985-11-01,46.72033700323658,0.0,Moderate,,46.31578947368421,,40.0,47.69230769230769,45.39145420169382,
1985-12-01,44.81343151633392,0.0,Moderate,,42.70833333333333,,48.09160305343512,28.24427480916031,44.75591984458782,
1986-01-01,41.77647550071172,0.0,Moderate,,37.11340206185567,,47.72727272727273,17.424242424242426,41.55507332211579,
1986-02-01,43.87432500544094,0.0,Moderate,,38.775510204081634,,50.37593984962406,17.293233082706767,46.98478380653378,
1986-03-01,49.258515685898224,0.0,Moderate,,41.41414141414141,,57.46268656716418,23.134328358208958,52.35346082135939,
1986-04-01,48.574417713354464,0.0,Moderate,,42.0,,54.81481481481482,31.11111111111111,51.10354890373634,
1986-05-01,48.29260283213541,0.0,Moderate,,48.51485148514851,,48.52941176470589,43.38235294117647,47.39597425159024,
1986-06-01,47.37085543680779,0.0,Moderate,,47.05882352941176,,48.17518248175183,41.6058394160584,46.00932836427528,
1986-07-01,41.99330740184573,0.0,Moderate,,40.77669902912621,,43.47826086956522,36.231884057971016,42.064989289472685,
1986-08-01,45.846334646603935,0.0,Moderate,,48.07692307692308,,33.093525179856115,44.60431654676259,42.89574933318303,
1986-09-01,51.28692114962415,0.0,Moderate,,51.42857142857142,,17.142857142857142,54.285714285714285,47.02014565275275,
1986-10-01,52.09049659279268,0.0,Moderate,,52.83018867924528,,17.02127659574468,54.60992907801418,48.50519857383631,
1986-11-01,52.26636466463165,0.0,Moderate,,50.467289719626166,,32.3943661971831,55.633802816901415,47.29790847807274,
1986-12-01,59.53083795294515,0.0,Moderate,,39.81481481481482,,51.048951048951054,67.13286713286713,56.02153596828565,
1987-01-01,62.639746251758666,0.0,High,,34.86238532110092,,47.22222222222222,75.0,59.29479806338744,
1987-02-01,46.33695884310277,0.0,Moderate,,30.0,,35.172413793103445,54.48275862068965,43.59497644123629,
1987-03-01,26.19476982753467,0.0,Low,,26.126126126126124,,21.232876712328768,26.71232876712329,30.934499910973543,
1987-04-01,21.53321374866254,0.0,Low,,24.107142857142858,,15.64625850340136,18.367346938775512,22.5377469000489,
1987-05-01,22.496108649401695,0.0,Low,,19.469026548672566,,26.351351351351347,6.756756756756757,28.232930085011084,
1987-06-01,17.433252709662355,0.0,Low,,13.157894736842104,,22.14765100671141,1.342281879194631,25.86346607451363,
1987-07-01,15.722924560669265,0.0,Low,,13.043478260869565,,19.33333333333333,0.0,23.44990774830064,
1987-08-01,14.894542765984712,0.0,Low,,13.79310344827586,,17.218543046357617,0.0,20.547449003471687,
1987-09-01,16.967546675301215,0.0,Low,,12.82051282051282,,21.71052631578948,0.0,24.58277967320995,
1987-10-01,17.017833895893038,0.0,Low,,11.016949152542372,,22.875816993464053,0.0,25.219013195885672,
1987-11-01,11.098534659175968,0.0,Low,,10.084033613445378,,12.987012987012983,0.0,15.598026622674976,
1987-12-01,13.54685498345651,0.0,Low,,14.166666666666666,,14.193548387096774,0.0,18.30872157706681,
1988-01-01,23.206380994826965,0.0,Low,,24.793388429752067,,23.717948717948715,0.641025641025641,27.65769303953188,
1988-02-01,26.20075664265679,0.0,Low,,29.508196721311474,,24.840764331210192,3.1847133757961785,30.18962806354432,
1988-03-01,23.711612987272733,0.0,Low,,26.82926829268293,,22.15189873417721,4.430379746835443,27.720340924972305,
1988-04-01,19.08781305397157,0.0,Low,,19.35483870967742,,20.12578616352201,5.031446540880504,25.210846480041408,
1988-05-01,23.088283109261905,0.0,Low,,24.0,,23.75,6.25,28.512650084217817,
1988-06-01,34.74251175438239,0.0,Moderate,,23.015873015873016,,44.72049689440994,10.559006211180124,37.70238740483965,
1988-07-01,41.319510932870486,0.0,Moderate,,32.28346456692913,,50.617283950617285,12.34567901234568,43.29337697957939,
1988-08-01,45.93543213220481,0.0,Moderate,,35.9375,,56.44171779141104,12.269938650306749,49.833778724817606,
1988-09-01,45.212609784935054,0.0,Moderate,,34.10852713178294,,56.09756097560976,13.414634146341465,49.305493888712135,
1988-10-01,45.16229436994021,0.0,Moderate,,30.76923076923077,,57.57575757575758,14.545454545454543,48.967202937876166,
1988-11-01,44.47798001501874,0.0,Moderate,,21.37404580152672,,59.63855421686747,17.46987951807229,53.78475469272599,
1988-12-01,52.42323293151179,0.0,Moderate,,23.484848484848484,,71.25748502994011,19.16167664670659,58.79250272923453,
1989-01-01,55.82809640239394,0.0,Moderate,,24.81203007518797,,77.97619047619048,12.5,59.80989815104334,
1989-02-01,60.08191874685561,0.0,High,,33.582089552238806,,81.65680473372781,10.650887573964498,62.07272570952426,
1989-03-01,62.01930866350946,0.0,High,,38.51851851851852,,82.94117647058825,8.235294117647058,63.16229630606351,
1989-04-01,60.51407748616694,0.0,High,,46.32352941176471,,76.0233918128655,8.187134502923977,63.69789740689109,
1989-05-01,55.992810854993394,0.0,Moderate,,50.36496350364964,,65.11627906976744,8.13953488372093,61.4028833619162,
1989-06-01,55.296172444220325,0.0,Moderate,,57.971014492753625,,56.64739884393064,12.13872832369942,58.56364925055802,
1989-07-01,52.313605386812085,0.0,Moderate,,61.87050359712231,,43.67816091954023,19.54022988505747,53.29574403317695,
1989-08-01,56.74734419130232,0.0,Moderate,,62.85714285714285,,53.142857142857146,23.42857142857143,58.55832513856286,
1989-09-01,59.32110022141394,0.0,Moderate,,64.53900709219859,,56.81818181818182,26.13636363636364,63.38646047523476,
1989-10-01,59.61941933859421,0.0,Moderate,,65.49295774647888,,55.36723163841808,33.33333333333333,63.06192461506304,
1989-11-01,57.0791921044337,0.0,Moderate,,67.13286713286713,,44.38202247191011,34.831460674157306,57.32284690144176,
1989-12-01,56.5445134322961,0.0,Moderate,,67.36111111111111,,40.78212290502793,36.312849162011176,57.22754732552878,
1990-01-01,57.47746120606108,0.0,Moderate,,66.89655172413794,,25.555555555555557,48.888888888888886,56.401401438871055,
1990-02-01,57.46556529268412,0.0,Moderate,,69.17808219178082,,25.96685082872928,44.751381215469614,57.19970984173585,
1990-03-01,58.3258680779511,0.0,Moderate,,69.38775510204081,,33.51648351648351,44.5054945054945,57.44709391208555,
1990-04-01,60.72967575997837,0.0,High,,69.5945945945946,,39.34426229508197,50.27322404371585,58.68938418602263,
1990-05-01,58.1111868648448,0.0,Moderate,,70.46979865771812,,38.04347826086957,37.5,57.87828442084638,
1990-06-01,56.2143056465948,0.0,Moderate,,71.33333333333334,,26.486486486486488,35.13513513513514,57.90335249081016,
1990-07-01,53.6897446093345,0.0,Moderate,,73.50993377483444,,11.29032258064516,27.956989247311824,54.50371655930386,
1990-08-01,55.52890335892782,1.0,Moderate,,76.31578947368422,,8.02139037433155,29.94652406417112,52.40349929782733,
1990-09-01,56.91702898645445,1.0,Moderate,,80.3921568627451,,6.382978723404255,26.595744680851062,53.13595776611545,
1990-10-01,58.33648672487064,1.0,Moderate,,83.76623376623377,,5.82010582010582,24.33862433862434,54.304240879893136,
1990-11-01,61.171788586228544,1.0,High,,85.80645161290322,,7.894736842105263,29.47368421052631,59.87977644496014,
1990-12-01,63.76576142853404,1.0,High,,87.82051282051282,,7.853403141361256,34.55497382198953,61.0908058374698,
1991-01-01,71.9376564846539,1.0,High,,88.53503184713377,80.0,7.291666666666667,35.41666666666667,70.0684473885256,
1991-02-01,62.578143395713546,1.0,High,,89.24050632911393,36.36363636363637,5.699481865284974,49.740932642487046,56.97318190493479,
1991-03-01,62.15261285649421,1.0,High,,91.8238993710692,0.0,6.185567010309279,61.855670103092784,56.280379305974975,
1991-04-01,60.56418351876741,0.0,High,,91.875,0.0,6.153846153846154,56.92307692307692,55.136814967294654,
1991-05-01,60.63645529594949,0.0,High,,90.06211180124224,7.142857142857142,5.1020408163265305,57.6530612244898,55.396006257152365,
1991-06-01,58.65853331806005,0.0,Moderate,,88.27160493827161,13.333333333333334,5.583756345177665,51.26903553299492,55.44334665865328,
1991-07-01,54.89642518681673,0.0,Moderate,,85.88957055214725,12.5,7.07070707070707,41.91919191919192,54.39911939443593,
1991-08-01,57.12017629882431,0.0,Moderate,,84.14634146341463,35.294117647058826,10.050251256281408,37.185929648241206,56.05550256053783,
1991-09-01,64.20974556608832,0.0,High,,83.03030303030303,66.66666666666666,11.5,30.0,62.13324961270919,
1991-10-01,68.57408238882152,0.0,High,,83.73493975903614,78.94736842105263,10.44776119402985,27.860696517412936,66.73175110038548,
1991-11-01,63.377649753956135,0.0,High,,82.03592814371258,70.0,4.455445544554455,22.77227722772277,61.63792789268471,
1991-12-01,65.27300130591449,0.0,High,,85.71428571428571,71.42857142857143,3.4482758620689653,22.167487684729064,63.433365732563104,
1992-01-01,56.11879714379742,0.0,Moderate,,86.3905325443787,40.909090909090914,3.92156862745098,22.54901960784314,53.77557618421765,
1992-02-01,50.13946805495243,0.0,Moderate,,84.70588235294117,21.73913043478261,5.365853658536586,17.560975609756095,48.49041053602849,
1992-03-01,46.05977025013466,0.0,Moderate,,81.87134502923976,8.333333333333332,10.679611650485436,11.650485436893204,42.86534102112075,
1992-04-01,43.84233759707239,0.0,Moderate,,79.06976744186046,12.0,5.314009661835748,8.212560386473431,42.25668280048603,
1992-05-01,49.205972110079486,0.0,Moderate,,78.61271676300578,34.61538461538461,7.6923076923076925,10.096153846153848,46.86863154928021,
1992-06-01,51.944952066140814,0.0,Moderate,,78.73563218390804,44.44444444444444,4.30622009569378,12.440191387559809,49.822862378839005,
1992-07-01,59.97861011202626,0.0,Moderate,,83.42857142857143,64.28571428571429,3.333333333333333,9.047619047619047,57.81443557268236,
1992-08-01,65.82516931867023,0.0,High,,82.38636363636364,79.3103448275862,4.265402843601896,14.218009478672986,63.508202265011846,
1992-09-01,69.96403256345923,0.0,High,,84.18079096045197,86.66666666666667,4.245283018867925,18.39622641509434,65.53830357166623,
1992-10-01,68.30282942530359,0.0,High,,75.28089887640449,90.32258064516128,6.572769953051644,18.30985915492958,62.8808853289363,
1992-11-01,51.8016568036002,0.0,Moderate,,74.30167597765363,46.875,10.74766355140187,16.355140186915886,47.70621540874875,
1992-12-01,46.38096478896291,0.0,Moderate,,71.11111111111111,30.303030303030305,18.6046511627907,13.023255813953488,39.068975914472574,
1993-01-01,42.313141183653215,0.0,Moderate,,65.19337016574586,29.411764705882355,17.59259259259259,5.555555555555555,37.74027831705901,
1993-02-01,48.30543990294992,0.0,Moderate,,62.08791208791209,54.285714285714285,15.668202764976956,4.6082949308755765,46.13586207161178,
1993-03-01,54.49971090697901,0.0,Moderate,,63.934426229508205,66.66666666666666,18.34862385321101,8.715596330275229,49.59119071839682,
1993-04-01,54.69345739233151,0.0,Moderate,,65.21739130434783,64.86486486486487,17.80821917808219,14.15525114155251,47.90992294420607,
1993-05-01,55.02612788635191,0.0,Moderate,,64.86486486486487,63.1578947368421,19.545454545454547,23.18181818181818,46.8076288422369,
1993-06-01,45.623450768591766,0.0,Moderate,,62.36559139784946,35.8974358974359,22.624434389140276,25.339366515837103,38.39358139112807,
1993-07-01,45.86908847542283,0.0,Moderate,,62.03208556149733,35.0,23.87387387387388,28.37837837837838,38.23952657361525,
1993-08-01,42.75732701221524,0.0,Moderate,,62.23404255319149,19.51219512195122,23.76681614349776,26.00896860986547,34.81011373801584,
1993-09-01,45.41296421619704,0.0,Moderate,,59.25925925925925,40.47619047619048,25.0,23.660714285714285,38.17042472469336,
1993-10-01,45.17959267706034,0.0,Moderate,,62.63157894736842,34.88372093023256,24.88888888888889,20.444444444444446,38.89232615738025,
1993-11-01,59.128420416510416,0.0,Moderate,,59.16230366492147,77.27272727272727,23.00884955752212,22.566371681415927,52.96375896946688,
1993-12-01,41.94491426300381,0.0,Moderate,,56.25,35.55555555555556,22.46696035242291,20.70484581497797,36.78687312440833,
1994-01-01,39.96728351053456,0.0,Moderate,,57.51295336787565,19.565217391304348,23.24561403508772,24.12280701754386,33.81672517752142,
1994-02-01,49.12330541370586,0.0,Moderate,,61.34020618556701,46.80851063829788,27.074235807860266,28.82096069868996,43.681572286582,
1994-03-01,46.07653462940793,0.0,Moderate,,60.0,41.66666666666667,27.39130434782609,20.0,40.02979665638477,
1994-04-01,46.16396244270215,0.0,Moderate,,55.61224489795919,36.734693877551024,42.85714285714285,19.047619047619047,39.15941368890165,
1994-05-01,47.74528382548236,0.0,Moderate,,52.28426395939086,14.000000000000002,62.5,7.327586206896551,40.25138827922211,
1994-06-01,51.81681141235693,0.0,Moderate,,53.535353535353536,29.411764705882355,65.66523605150213,4.291845493562231,44.07418760166851,
1994-07-01,50.44965962215291,0.0,Moderate,,53.768844221105525,28.846153846153843,62.39316239316239,4.700854700854701,43.31665927489808,
1994-08-01,49.340191474799,0.0,Moderate,,48.5,32.075471698113205,62.5531914893617,3.404255319148936,42.485072334343016,
1994-09-01,54.30008797875352,0.0,Moderate,,46.766169154228855,50.0,64.40677966101694,3.8135593220338975,48.17358629449383,
1994-10-01,65.44238737979558,0.0,High,,45.54455445544555,74.54545454545455,72.15189873417721,3.375527426160337,55.64046821269529,
1994-11-01,65.83203563239118,0.0,High,,44.33497536945813,57.14285714285714,88.23529411764706,2.941176470588235,53.61198069602699,
1994-12-01,63.59421664891546,0.0,High,,43.62745098039216,35.08771929824561,95.81589958158996,2.510460251046025,57.27830321584161,
1995-01-01,62.31420548963728,0.0,High,,43.90243902439025,31.03448275862069,94.58333333333331,3.333333333333333,56.29258428949724,
1995-02-01,61.98860937738124,0.0,High,,43.203883495145625,33.89830508474576,92.91666666666669,4.166666666666666,56.31524580895741,
1995-03-01,65.16674303588105,0.0,High,,47.82608695652174,60.0,82.5,7.083333333333333,57.86628268146467,
1995-04-01,64.48667447361767,0.0,High,,57.692307692307686,59.01639344262295,75.0,12.083333333333334,57.76363421531925,
1995-05-01,65.3740303568165,0.0,High,,67.46411483253588,48.38709677419355,76.25,16.25,58.53599641061519,
1995-06-01,70.0912723023113,0.0,High,,71.42857142857143,58.730158730158735,77.91666666666667,27.500000000000004,61.50452558682128,
1995-07-01,77.02359598709103,0.0,High,,75.82938388625593,78.125,77.08333333333334,37.083333333333336,67.06747812050986,
1995-08-01,69.94622245087672,0.0,High,,75.47169811320755,56.92307692307692,74.16666666666667,38.333333333333336,60.19718040553565,
1995-09-01,71.11521672363041,0.0,High,,75.11737089201877,40.909090909090914,82.91666666666667,41.25,59.33683013894903,
1995-10-01,83.87665599330295,0.0,Extreme,,75.70093457943925,91.04477611940298,82.91666666666667,54.58333333333333,73.07913351749228,
1995-11-01,72.7085719328439,0.0,High,,77.67441860465117,48.52941176470589,73.75,65.0,60.13862158924686,
1995-12-01,75.34557167343227,0.0,High,,78.70370370370371,44.927536231884055,68.33333333333333,77.91666666666667,60.026798282215374,
1996-01-01,83.90226734226344,0.0,Extreme,,78.80184331797236,84.28571428571429,54.16666666666666,87.91666666666667,70.85938218890982,
1996-02-01,79.51307470056206,0.0,High,,78.44036697247707,81.69014084507043,31.25,78.33333333333333,67.41382216255762,
1996-03-01,87.41722768684716,0.0,Extreme,,79.90867579908677,93.05555555555556,41.25,88.33333333333333,75.60614342940995,
1996-04-01,71.52236423198894,0.0,High,,75.9090909090909,50.68493150684932,50.41666666666666,78.33333333333333,56.311207710331054,
1996-05-01,67.9335174692099,0.0,High,,74.2081447963801,24.324324324324326,56.25,71.25,54.41334977501533,
1996-06-01,59.765484936124246,0.0,Moderate,,65.76576576576578,29.33333333333333,50.83333333333333,60.83333333333333,49.428600898964696,
1996-07-01,62.583325752736656,0.0,High,,62.78026905829597,67.10526315789474,54.16666666666666,52.083333333333336,55.97874696661406,
1996-08-01,55.73075951457201,0.0,Moderate,,54.46428571428571,38.961038961038966,54.58333333333333,57.91666666666667,48.29278021822205,
1996-09-01,57.77244298214537,0.0,Moderate,,57.77777777777777,60.256410256410255,51.24999999999999,53.75,52.62405781970591,
1996-10-01,55.697501369347485,0.0,Moderate,,59.29203539823009,49.36708860759494,44.583333333333336,56.25,49.31572819568983,
1996-11-01,57.53944879365596,0.0,Moderate,,61.67400881057269,50.0,53.75,55.00000000000001,53.56606431559278,
1996-12-01,81.57388436900244,0.0,Extreme,,64.03508771929825,93.82716049382717,49.16666666666666,80.41666666666667,75.61637297656168,
1997-01-01,58.07182849209446,0.0,Moderate,,61.135371179039296,56.09756097560976,55.00000000000001,53.333333333333336,54.00571067519933,
1997-02-01,63.90680998781591,0.0,High,,55.65217391304348,56.62650602409639,53.333333333333336,72.5,53.3287552743569,
1997-03-01,57.64997106042552,0.0,Moderate,,48.05194805194805,38.095238095238095,66.25,54.58333333333333,51.22580647533644,
1997-04-01,77.89014104717717,0.0,High,,44.82758620689656,42.35294117647059,82.08333333333333,91.66666666666666,64.91185423125111,
1997-05-01,82.50582832892236,0.0,Extreme,,43.776824034334766,62.7906976744186,83.75,94.58333333333331,71.51674474504968,
1997-06-01,82.55004842598652,0.0,Extreme,,47.008547008547005,77.01149425287356,83.75,86.25,68.93723607507992,
1997-07-01,79.25599656015157,0.0,High,,44.25531914893617,73.86363636363636,85.41666666666666,77.5,65.5958798525526,
1997-08-01,85.24752856440321,0.0,Extreme,,47.45762711864407,92.13483146067416,82.91666666666667,79.58333333333333,75.13247025117818,
1997-09-01,81.43034095066696,0.0,Extreme,,45.14767932489451,77.77777777777779,82.91666666666667,83.33333333333334,69.26886230310282,
1997-10-01,83.66856229238569,0.0,Extreme,,40.7563025210084,76.92307692307693,85.83333333333333,87.5,72.45793845930801,
1997-11-01,93.00303077675318,0.0,Extreme,,34.30962343096235,100.0,90.0,88.33333333333333,84.36070946368291,
1997-12-01,84.29613406627112,0.0,Extreme,,33.75,77.41935483870968,90.83333333333331,83.75,75.32306148434512,
1998-01-01,85.77893968427838,0.0,Extreme,,35.833333333333336,78.72340425531915,88.75,89.16666666666667,76.38164600134574,
1998-02-01,87.31007957724218,0.0,Extreme,,37.5,73.68421052631578,87.91666666666667,97.5,78.74192176852084,
1998-03-01,88.42860463567455,0.0,Extreme,,39.58333333333333,77.08333333333334,87.08333333333333,98.75,80.74134987927877,
1998-04-01,87.45867932863827,0.0,Extreme,,32.5,89.69072164948454,88.75,83.75,77.581717693689,
1998-05-01,74.54145156642822,0.0,High,,33.33333333333333,45.91836734693878,85.41666666666666,81.66666666666667,62.175191370024265,
1998-06-01,83.0511043392411,0.0,Extreme,,38.75,68.68686868686868,88.33333333333333,89.16666666666667,72.90733117415658,
1998-07-01,84.12266510814342,0.0,Extreme,,44.583333333333336,60.0,84.58333333333333,98.75,76.61136189425517,
1998-08-01,94.42014380704978,0.0,Extreme,,42.083333333333336,100.0,83.33333333333334,98.33333333333331,88.24945069683577,
1998-09-01,93.3603152387322,0.0,Extreme,,35.833333333333336,100.0,78.33333333333333,99.16666666666669,87.59342541022157,
1998-10-01,85.52601553296853,0.0,Extreme,,31.25,98.05825242718448,49.16666666666666,96.25,79.6805590347002,
1998-11-01,85.49777807634031,0.0,Extreme,,30.833333333333336,94.23076923076924,58.75,95.83333333333334,77.73067984910521,
1998-12-01,83.97907926492499,0.0,Extreme,,31.25,89.52380952380953,64.58333333333334,93.33333333333331,76.39206637421633,
1999-01-01,88.25128357254903,0.0,Extreme,,35.833333333333336,88.67924528301887,80.0,95.0,79.20598775730515,
1999-02-01,77.85577119689313,0.0,High,,27.08333333333333,74.76635514018692,75.0,83.33333333333334,67.23393055191256,
1999-03-01,63.479257358722464,0.0,High,,19.58333333333333,38.88888888888889,66.66666666666666,76.66666666666667,51.69718520602589,
1999-04-01,62.558726534668246,0.0,High,,20.0,37.61467889908257,52.5,85.0,53.69780284620081,
1999-05-01,68.95754807278958,0.0,High,,19.58333333333333,71.81818181818181,51.24999999999999,79.58333333333333,62.3300860483025,
1999-06-01,61.38454965517023,0.0,High,,18.33333333333333,28.82882882882883,59.583333333333336,81.25,51.42277477974158,
1999-07-01,56.20690241913097,0.0,Moderate,,14.583333333333334,37.5,66.66666666666666,59.16666666666666,47.963049332531824,
1999-08-01,70.0429815027426,0.0,High,,9.166666666666666,87.61061946902655,70.0,45.41666666666666,64.76812579777133,
1999-09-01,69.96589780583037,0.0,High,,7.083333333333333,83.33333333333334,68.75,54.58333333333333,62.52773825846851,
1999-10-01,73.56007523488937,0.0,High,,5.416666666666667,80.8695652173913,70.83333333333334,68.33333333333333,63.93789583515925,
1999-11-01,64.49126189361073,0.0,High,,5.416666666666667,52.58620689655172,85.0,49.583333333333336,55.5385858366836,
1999-12-01,53.73619130945997,0.0,Moderate,,4.583333333333333,20.51282051282051,82.5,40.0,42.55749361864331,
2000-01-01,55.1559812594892,0.0,Moderate,,5.0,12.71186440677966,81.25,50.83333333333333,42.52499673022914,
2000-02-01,60.52720394726343,0.0,High,,10.416666666666668,21.008403361344534,91.66666666666666,46.66666666666666,51.35042902121671,
2000-03-01,76.56774576387103,0.0,High,,10.0,83.33333333333334,92.5,44.583333333333336,71.78571290057323,
2000-04-01,90.7609752161422,0.0,Extreme,,5.0,96.69421487603306,96.66666666666669,77.5,84.08108136261012,
2000-05-01,87.81619161593913,0.0,Extreme,,6.666666666666667,93.44262295081968,95.83333333333334,72.08333333333333,80.35985230565531,
2000-06-01,83.80994097564911,0.0,Extreme,,13.750000000000002,87.8048780487805,92.91666666666669,68.33333333333333,77.74264734772308,
2000-07-01,78.09981907143997,0.0,High,,24.58333333333333,50.80645161290322,87.5,87.91666666666667,67.94346110378504,
2000-08-01,83.43147048993859,0.0,Extreme,,38.75,56.00000000000001,92.5,92.5,77.11828175006814,
2000-09-01,86.35265983929075,0.0,Extreme,,40.41666666666666,85.71428571428571,86.25,87.08333333333333,76.80230313851207,
2000-10-01,90.5940442651779,0.0,Extreme,,47.5,95.2755905511811,84.58333333333333,91.25,83.04861745834059,
2000-11-01,87.62686638479512,0.0,Extreme,,53.333333333333336,85.15625,74.16666666666667,99.16666666666669,82.8700431524773,
2000-12-01,89.89130473109233,0.0,Extreme,,70.83333333333334,87.59689922480621,74.58333333333333,100.0,87.87799419746553,
2001-01-01,86.94608968314935,0.0,Extreme,,80.41666666666667,79.23076923076923,25.833333333333336,99.16666666666669,83.66163210911546,
2001-02-01,86.4642662596222,0.0,Extreme,,84.16666666666667,72.51908396946564,17.083333333333332,100.0,84.55281040181362,
2001-03-01,95.56972184381452,0.0,Extreme,,93.33333333333331,93.18181818181816,17.5,100.0,92.65467633372027,
2001-04-01,91.78967176429762,1.0,Extreme,,98.75,74.43609022556392,14.166666666666666,99.58333333333331,87.97913402153017,
2001-05-01,82.4491777711797,1.0,Extreme,,99.58333333333331,28.35820895522388,3.75,99.58333333333331,79.9737101316761,
2001-06-01,80.50564653001979,1.0,Extreme,,100.0,13.333333333333334,2.9166666666666665,99.58333333333331,78.17344642625883,
2001-07-01,83.0724434672579,1.0,Extreme,,100.0,29.411764705882355,10.416666666666668,99.16666666666669,82.0013550330236,
2001-08-01,87.55347096833276,1.0,Extreme,,100.0,55.47445255474452,14.166666666666666,98.75,86.66346315856036,
2001-09-01,100.0,1.0,Extreme,,100.0,100.0,2.5,100.0,97.94223980486926,
2001-10-01,95.17466221460762,1.0,Extreme,,100.0,88.48920863309353,0.0,96.66666666666669,92.89699392798995,
2001-11-01,88.68805270373828,1.0,Extreme,,100.0,62.85714285714285,0.0,98.33333333333331,89.34186547799162,
2001-12-01,79.20231491887245,0.0,High,,99.58333333333331,9.219858156028367,1.25,98.33333333333331,79.23160308674859,
2002-01-01,78.26573655042768,0.0,High,,98.75,2.112676056338028,4.583333333333333,97.91666666666666,77.80925103441938,
2002-02-01,79.40490546592075,0.0,High,,98.33333333333331,16.083916083916083,8.75,96.25,79.07335573583936,
2002-03-01,78.43236197419007,0.0,High,,97.5,11.805555555555555,15.0,94.16666666666669,77.0116558454742,
2002-04-01,79.84247058303073,0.0,High,,97.91666666666666,25.517241379310345,13.333333333333334,93.75,80.00600063874464,
2002-05-01,78.3234063534693,0.0,High,,97.08333333333331,14.383561643835616,14.583333333333334,93.75,78.15775029727051,
2002-06-01,91.32454033864468,0.0,Extreme,,96.25,85.71428571428571,10.0,91.66666666666666,90.75054287362948,
2002-07-01,92.92777854383256,0.0,Extreme,,95.0,95.27027027027027,7.083333333333333,88.33333333333333,90.06749859172783,
2002-08-01,85.50846364584774,0.0,Extreme,,93.33333333333331,72.48322147651007,7.083333333333333,89.16666666666667,84.0702080607773,
2002-09-01,88.98827061475077,0.0,Extreme,,93.75,91.33333333333331,19.58333333333333,81.25,85.04450707723335,
2002-10-01,90.7095736341732,0.0,Extreme,,92.5,86.09271523178808,13.333333333333334,93.33333333333331,91.0042905251766,
2002-11-01,80.85797066064086,0.0,Extreme,,91.66666666666666,56.57894736842105,8.333333333333332,89.16666666666667,80.98464186924153,
2002-12-01,71.15228936750991,0.0,High,,91.66666666666666,19.607843137254903,1.6666666666666667,82.08333333333333,68.63306222697587,
2003-01-01,68.56016658364085,0.0,High,,91.25,2.5974025974025974,1.6666666666666667,81.25,63.83317075475805,
2003-02-01,74.4369470988641,0.0,High,,91.25,31.61290322580645,2.083333333333333,86.25,76.02114019757981,
2003-03-01,70.59150870422157,0.0,High,,91.25,8.974358974358974,5.416666666666667,83.75,67.6762713354183,
2003-04-01,73.32375859683259,0.0,High,,91.66666666666666,1.2738853503184715,10.833333333333334,90.83333333333331,70.69717633202731,
2003-05-01,74.41471612907333,0.0,High,,92.5,1.2658227848101269,19.166666666666668,90.0,70.92466998148733,
2003-06-01,73.91504178614372,0.0,High,,92.5,3.1446540880503147,19.166666666666668,88.33333333333333,70.74823988619718,
2003-07-01,70.7392003754461,0.0,High,,89.58333333333334,0.0,6.666666666666667,87.91666666666667,69.32404367100504,
2003-08-01,69.23514524479933,0.0,High,,88.33333333333333,0.0,2.083333333333333,86.66666666666667,67.42156360642986,
2003-09-01,65.94030490544601,0.0,High,,86.66666666666667,0.0,1.6666666666666667,80.0,60.62883756286101,
2003-10-01,65.91804030429157,0.0,High,,85.0,0.6134969325153374,12.083333333333334,78.33333333333333,60.16090275794578,
2003-11-01,62.10436745524257,0.0,High,,77.91666666666667,0.6097560975609756,25.0,70.83333333333334,56.27933806255176,
2003-12-01,59.594446926694175,0.0,Moderate,,72.91666666666666,1.2121212121212122,24.58333333333333,69.58333333333333,55.26411374335943,
2004-01-01,60.13345964112714,0.0,High,,72.5,3.0120481927710845,23.33333333333333,71.66666666666667,56.2164203908073,
2004-02-01,53.926018513603225,0.0,Moderate,,70.83333333333334,0.5988023952095809,25.0,56.25,47.28648534624865,
2004-03-01,52.69989721585752,0.0,Moderate,,68.75,14.88095238095238,27.916666666666668,51.24999999999999,49.315079662691645,
2004-04-01,51.1538944092332,0.0,Moderate,,65.41666666666667,3.5502958579881656,22.916666666666664,55.41666666666667,45.85421293773791,
2004-05-01,42.58443017208744,0.0,Moderate,,56.25,12.941176470588236,20.416666666666668,41.25,43.94880041241625,
2004-06-01,49.44405040105772,0.0,Moderate,,55.00000000000001,1.1695906432748535,27.916666666666668,59.583333333333336,47.67543911230757,
2004-07-01,48.03375890407418,0.0,Moderate,,54.58333333333333,12.790697674418606,31.666666666666664,53.333333333333336,47.55462309986977,
2004-08-01,50.868458730211536,0.0,Moderate,,54.58333333333333,22.54335260115607,35.0,57.91666666666667,52.9669422163585,
2004-09-01,44.29783802928835,0.0,Moderate,,50.0,14.942528735632186,37.91666666666666,43.75,46.44252677399876,
2004-10-01,42.474484955637934,0.0,Moderate,,50.0,20.0,35.41666666666667,39.58333333333333,45.29575495711814,
2004-11-01,42.719998849958486,0.0,Moderate,,47.91666666666667,7.954545454545454,38.75,40.833333333333336,44.562997983217166,
2004-12-01,43.78375846604678,0.0,Moderate,,46.66666666666666,5.649717514124294,49.16666666666666,33.75,42.86221397867258,
2005-01-01,52.83461749414572,0.0,Moderate,,46.66666666666666,8.426966292134832,66.66666666666666,41.25,48.49988932848575,
2005-02-01,52.62773544287544,0.0,Moderate,,45.0,0.0,72.91666666666666,32.083333333333336,46.781367184414826,
2005-03-01,51.88056199837844,0.0,Moderate,,40.41666666666666,8.88888888888889,70.41666666666667,37.5,48.57581009333022,
2005-04-01,48.46607731627045,0.0,Moderate,,39.16666666666666,23.204419889502763,66.25,25.833333333333336,44.30782794985,
2005-05-01,55.82947180571895,0.0,Moderate,,42.083333333333336,30.76923076923077,76.66666666666667,30.0,52.98185264172365,
2005-06-01,57.83952080388177,0.0,Moderate,,38.333333333333336,33.33333333333333,86.25,8.333333333333332,54.13477408309728,
2005-07-01,53.68438602763644,0.0,Moderate,,38.333333333333336,22.82608695652174,80.41666666666667,14.583333333333334,49.4930845034084,
2005-08-01,51.78004384998545,0.0,Moderate,,36.25,22.702702702702705,76.25,20.0,47.60792931623938,
2005-09-01,48.30851512168392,0.0,Moderate,,50.0,20.43010752688172,53.75,39.16666666666666,51.01282160353749,
2005-10-01,56.22699688340375,0.0,Moderate,,55.41666666666667,40.10695187165776,64.58333333333334,41.25,59.34927625640677,
2005-11-01,60.49855405184358,0.0,High,,55.833333333333336,30.319148936170212,77.91666666666667,33.75,57.98261254202822,
2005-12-01,60.2763487950391,0.0,High,,40.0,25.396825396825395,82.08333333333333,45.41666666666666,60.146888099917966,
2006-01-01,50.1602195743989,0.0,Moderate,,21.666666666666668,25.789473684210527,76.25,24.58333333333333,47.1548386853388,
2006-02-01,58.386162769611886,0.0,Moderate,,19.166666666666668,15.706806282722512,87.91666666666667,44.16666666666666,53.651456665388096,
2006-03-01,53.981938028303,0.0,Moderate,,17.916666666666668,14.0625,80.41666666666667,42.5,49.87826120621353,
2006-04-01,54.384581454339326,0.0,Moderate,,20.833333333333336,17.098445595854923,74.58333333333333,50.83333333333333,51.24236332409868,
2006-05-01,52.318105591553326,0.0,Moderate,,32.916666666666664,35.051546391752574,66.25,44.583333333333336,49.76565020187636,
2006-06-01,65.06368358375693,0.0,High,,36.25,43.07692307692308,74.16666666666667,69.16666666666667,66.67956920151315,
2006-07-01,68.04773268080858,0.0,High,,42.91666666666666,26.53061224489796,82.5,69.58333333333333,68.51931032834742,
2006-08-01,66.5324682577031,0.0,High,,41.25,27.411167512690355,86.66666666666667,59.583333333333336,63.54869229860118,
2006-09-01,68.90456879936714,0.0,High,,36.66666666666666,26.767676767676768,96.66666666666669,53.75,70.02439418039934,
2006-10-01,71.35580512515887,0.0,High,,33.75,23.618090452261303,97.91666666666666,63.33333333333333,73.47886900423353,
2006-11-01,74.69655657917033,0.0,High,,41.25,14.000000000000002,96.66666666666669,74.16666666666667,76.4398954944029,
2006-12-01,69.8806339882505,0.0,High,,43.333333333333336,20.39800995024876,90.41666666666669,65.41666666666667,70.50415583120407,
2007-01-01,78.04007681231627,0.0,High,,51.66666666666667,14.356435643564357,93.33333333333331,82.08333333333333,79.55132952204974,
2007-02-01,71.59156182739972,0.0,High,,47.083333333333336,17.24137931034483,87.08333333333333,73.33333333333333,73.18364221779318,
2007-03-01,69.6537767600079,0.0,High,,43.75,60.78431372549019,73.75,72.5,74.96549119176431,
2007-04-01,68.61669106538598,0.0,High,,46.66666666666666,37.073170731707314,72.08333333333333,78.75,71.71688665530982,
2007-05-01,63.21144003683661,0.0,High,,40.41666666666666,34.46601941747573,71.25,68.75,66.40124895033397,
2007-06-01,66.65499923886827,0.0,High,,46.25,33.81642512077295,68.33333333333333,77.91666666666667,69.77776753291691,
2007-07-01,66.60805645702021,0.0,High,,44.583333333333336,44.230769230769226,70.41666666666667,74.58333333333333,71.20544127739747,
2007-08-01,81.6857667767172,0.0,Extreme,,50.83333333333333,95.21531100478468,60.41666666666666,80.41666666666667,84.3973330943856,
2007-09-01,71.88507453356056,0.0,High,,55.00000000000001,84.28571428571429,46.25,68.75,77.39679806507284,
2007-10-01,61.09032059595423,0.0,High,30.0,60.83333333333333,71.56398104265402,39.16666666666666,60.83333333333333,66.0226137237759,13.73873873873874
2007-11-01,82.38690671810689,0.0,Extreme,100.0,62.91666666666666,94.33962264150944,31.666666666666664,50.41666666666666,79.69957899074967,13.73873873873874
2007-12-01,75.84291810406712,0.0,High,66.66666666666666,70.0,89.67136150234741,30.833333333333336,68.75,77.7463473377963,13.73873873873874
2008-01-01,75.75124546690037,1.0,High,61.53846153846154,69.16666666666667,96.26168224299066,22.08333333333333,63.33333333333333,74.597587613504,13.73873873873874
2008-02-01,75.3996374198685,1.0,High,35.714285714285715,70.83333333333334,91.6279069767442,5.0,83.33333333333334,76.54526734935426,13.73873873873874
2008-03-01,83.73383216294248,1.0,Extreme,66.66666666666666,73.75,94.9074074074074,4.583333333333333,88.75,84.93332714461144,13.73873873873874
2008-04-01,80.06350560432405,1.0,Extreme,56.25,75.0,87.09677419354838,12.916666666666668,90.0,83.34773257111027,13.73873873873874
2008-05-01,84.14428549414139,1.0,Extreme,94.11764705882352,82.08333333333333,53.669724770642205,30.0,91.66666666666666,85.12334048126714,13.73873873873874
2008-06-01,88.29478618228892,1.0,Extreme,100.0,84.58333333333333,72.6027397260274,30.833333333333336,87.08333333333333,91.09127563537484,13.73873873873874
2008-07-01,92.2559424491138,1.0,Extreme,100.0,86.25,82.72727272727273,14.583333333333334,91.66666666666666,93.09187129174865,13.73873873873874
2008-08-01,79.47628646645606,1.0,High,40.0,90.0,76.01809954751131,12.5,92.08333333333331,80.53798531751075,13.73873873873874
2008-09-01,85.18918427788313,1.0,Extreme,0.0,94.16666666666669,99.09909909909908,8.75,97.08333333333331,86.24100180970923,13.73873873873874
2008-10-01,86.11627765433835,1.0,Extreme,0.0,95.83333333333334,100.0,0.8333333333333334,99.58333333333331,86.79291086981178,13.73873873873874
2008-11-01,87.33958798188033,1.0,Extreme,0.0,98.33333333333331,99.55357142857144,8.333333333333332,100.0,87.32034255718267,13.73873873873874
2008-12-01,89.9787511099311,1.0,Extreme,4.166666666666666,98.75,98.22222222222224,37.91666666666666,100.0,88.73485405930536,13.73873873873874
2009-01-01,88.9007858880907,1.0,Extreme,12.0,99.16666666666669,91.1504424778761,44.16666666666666,99.58333333333331,87.88049730346388,13.73873873873874
2009-02-01,85.34822990943368,1.0,Extreme,15.384615384615383,100.0,75.77092511013215,45.0,99.16666666666669,84.58202405816357,13.73873873873874
2009-03-01,83.67366789471504,1.0,Extreme,14.814814814814811,100.0,71.9298245614035,38.333333333333336,99.16666666666669,83.96501106044661,13.73873873873874
2009-04-01,83.92600019193398,1.0,Extreme,21.428571428571427,100.0,72.92576419213974,40.0,97.91666666666666,84.81857177149556,13.73873873873874
2009-05-01,78.27789359038556,1.0,High,24.13793103448276,98.75,44.34782608695652,39.58333333333333,97.5,78.84633792346713,13.73873873873874
2009-06-01,73.48686544661959,1.0,High,26.666666666666668,97.08333333333331,0.0,38.333333333333336,96.66666666666669,71.6803062738575,13.73873873873874
2009-07-01,73.44388779417608,0.0,High,22.58064516129032,95.83333333333334,0.0,45.0,95.83333333333334,72.05952186061947,13.73873873873874
2009-08-01,73.1336949826667,0.0,High,28.125,94.16666666666669,0.4291845493562232,49.16666666666666,92.08333333333331,72.69001887163702,13.73873873873874
2009-09-01,72.46303636201498,0.0,High,30.303030303030305,92.08333333333331,12.82051282051282,52.083333333333336,87.91666666666667,73.35159421731566,13.73873873873874
2009-10-01,70.718511875603,0.0,High,35.294117647058826,90.41666666666669,17.872340425531917,47.5,84.16666666666667,73.74547530205811,13.73873873873874
2009-11-01,66.35224349341185,0.0,High,42.85714285714285,88.75,30.508474576271187,34.583333333333336,71.66666666666667,73.43618113209652,13.73873873873874
2009-12-01,53.88552855300043,0.0,Moderate,47.22222222222222,83.33333333333334,26.58227848101265,21.666666666666668,26.666666666666668,67.13716720524162,13.73873873873874
2010-01-01,49.26065061370487,0.0,Moderate,45.94594594594595,79.16666666666666,18.907563025210084,21.25,12.083333333333334,64.9687247287531,13.73873873873874
2010-02-01,50.71329089241541,0.0,Moderate,42.10526315789473,76.66666666666667,28.870292887029287,34.583333333333336,10.833333333333334,59.63608024691184,13.73873873873874
2010-03-01,46.59214252889231,0.0,Moderate,38.46153846153847,72.08333333333333,18.33333333333333,36.66666666666666,1.6666666666666667,51.73176946437152,13.73873873873874
2010-04-01,45.19460594206066,0.0,Moderate,37.5,66.66666666666666,22.08333333333333,38.333333333333336,1.6666666666666667,52.90861814206178,13.73873873873874
2010-05-01,61.61877756623982,0.0,High,34.14634146341464,60.41666666666666,87.5,45.0,1.25,65.90694426602573,13.73873873873874
2010-06-01,50.19235464418759,0.0,Moderate,33.33333333333333,55.41666666666667,52.91666666666666,51.24999999999999,4.166666666666666,57.22107346823296,13.73873873873874
2010-07-01,49.82910321274701,0.0,Moderate,27.906976744186046,54.58333333333333,54.16666666666666,52.5,5.416666666666667,57.08506437516989,13.73873873873874
2010-08-01,46.707359421209816,0.0,Moderate,27.27272727272727,54.58333333333333,41.25,53.333333333333336,10.416666666666668,53.27023099985512,13.73873873873874
2010-09-01,43.69464869060194,0.0,Moderate,26.666666666666668,52.083333333333336,32.5,52.5,7.5,47.10837699858969,13.73873873873874
2010-10-01,43.33938109801098,0.0,Moderate,30.434782608695656,44.583333333333336,39.16666666666666,52.083333333333336,9.583333333333334,50.207158819338936,13.73873873873874
2010-11-01,40.81161104746974,0.0,Moderate,34.04255319148936,40.41666666666666,38.333333333333336,46.25,10.416666666666668,48.732616545024776,13.73873873873874
2010-12-01,34.183383784207905,0.0,Moderate,41.66666666666667,29.166666666666668,23.75,35.833333333333336,11.25,43.59667202540382,13.73873873873874
2011-01-01,36.24747354785957,0.0,Moderate,53.06122448979592,24.58333333333333,13.333333333333334,33.75,16.666666666666664,45.39747530137248,13.73873873873874
2011-02-01,36.768067742376886,0.0,Moderate,57.99999999999999,17.5,11.25,32.5,17.5,48.495470731838125,13.73873873873874
2011-03-01,45.178832912396,0.0,Moderate,64.70588235294117,13.750000000000002,40.0,35.0,24.58333333333333,60.99844794191336,13.73873873873874
2011-04-01,47.11120183390516,0.0,Moderate,75.0,13.333333333333334,25.833333333333336,33.75,29.166666666666668,61.3883751681216,13.73873873873874
2011-05-01,47.09543136419308,0.0,Moderate,69.81132075471697,22.08333333333333,32.5,33.75,31.25,62.22593523910415,13.73873873873874
2011-06-01,47.06211740344497,0.0,Moderate,62.96296296296296,27.08333333333333,44.583333333333336,32.5,32.083333333333336,61.18934254878759,13.73873873873874
2011-07-01,50.49130368611228,0.0,Moderate,67.27272727272727,22.916666666666664,38.333333333333336,32.083333333333336,49.16666666666666,62.176507435619726,13.73873873873874
2011-08-01,67.82919190740091,0.0,High,62.5,19.166666666666668,91.66666666666666,41.25,57.49999999999999,73.74263503799132,13.73873873873874
2011-09-01,60.60293741767058,0.0,High,56.14035087719298,18.33333333333333,73.33333333333333,47.5,57.08333333333333,65.12592059813339,13.73873873873874
2011-10-01,58.31409044460692,0.0,Moderate,60.3448275862069,17.916666666666668,65.0,46.66666666666666,55.00000000000001,62.21153153649976,13.73873873873874
2011-11-01,56.21904114428532,0.0,Moderate,64.40677966101694,9.166666666666666,50.0,40.833333333333336,61.25000000000001,58.91615724243103,13.73873873873874
2011-12-01,54.331018280319824,0.0,Moderate,58.333333333333336,8.333333333333332,44.16666666666666,37.91666666666666,66.66666666666666,56.28530912804756,13.73873873873874
2012-01-01,56.78597276519494,0.0,Moderate,63.934426229508205,7.5,43.75,42.91666666666666,66.66666666666666,57.06127135197607,13.73873873873874
2012-02-01,56.07489829618186,0.0,Moderate,69.35483870967742,7.083333333333333,40.833333333333336,42.91666666666666,60.41666666666666,59.72914225291522,13.73873873873874
2012-03-01,59.52984679042768,0.0,Moderate,82.53968253968253,6.25,27.916666666666668,38.75,66.25,60.77165422801758,13.73873873873874
2012-04-01,56.55228595463838,0.0,Moderate,67.1875,7.916666666666666,40.833333333333336,44.583333333333336,63.33333333333333,59.92663292111787,13.73873873873874
2012-05-01,57.44021262793698,0.0,Moderate,52.30769230769232,9.583333333333334,59.583333333333336,53.333333333333336,59.583333333333336,62.17159594443158,13.73873873873874
2012-06-01,60.37449883802229,0.0,High,48.48484848484848,10.416666666666668,56.25,63.33333333333333,66.66666666666666,59.94862075246859,13.73873873873874
2012-07-01,54.41284115433737,0.0,Moderate,44.776119402985074,10.416666666666668,47.5,66.25,51.66666666666667,54.13944386262814,13.73873873873874
2012-08-01,46.73609974540064,0.0,Moderate,50.0,10.0,35.833333333333336,51.66666666666667,43.75,51.13053295285311,13.73873873873874
2012-09-01,50.45842800827733,0.0,Moderate,69.56521739130434,10.0,24.58333333333333,45.0,46.25,60.56091869135427,13.73873873873874
2012-10-01,55.74378597340113,0.0,Moderate,81.42857142857143,11.666666666666666,22.916666666666664,43.333333333333336,51.66666666666667,63.86706668978273,45.04504504504504
2012-11-01,49.08337670704799,0.0,Moderate,57.74647887323944,17.083333333333332,23.75,50.41666666666666,50.83333333333333,60.987297453750585,49.0990990990991
2012-12-01,53.232982118260296,0.0,Moderate,61.11111111111112,16.25,31.25,49.583333333333336,59.583333333333336,63.16439280035331,58.108108108108105
2013-01-01,51.89629944534923,0.0,Moderate,65.75342465753424,18.33333333333333,30.416666666666664,43.333333333333336,54.58333333333333,66.3732139332006,52.25225225225225
2013-02-01,56.60614120767954,0.0,Moderate,83.78378378378379,8.75,35.0,36.66666666666666,50.41666666666666,64.2658355590959,43.24324324324324
2013-03-01,50.52280383058718,0.0,Moderate,65.33333333333333,8.75,30.0,42.91666666666666,51.66666666666667,64.34573664917728,44.5945945945946
2013-04-01,48.98958783750251,0.0,Moderate,44.73684210526316,9.166666666666666,40.0,53.75,52.083333333333336,59.72919379730857,53.15315315315316
2013-05-01,42.79317649347253,0.0,Moderate,38.961038961038966,8.333333333333332,27.916666666666668,49.583333333333336,47.083333333333336,52.1928374600896,40.54054054054054
2013-06-01,44.62522505308583,0.0,Moderate,35.8974358974359,8.333333333333332,56.25,37.5,41.66666666666667,49.32837729389631,41.891891891891895
2013-07-01,34.386570515046245,0.0,Moderate,39.24050632911392,7.5,24.58333333333333,24.58333333333333,41.66666666666667,42.36481904180467,31.98198198198198
2013-08-01,34.37853226283099,0.0,Moderate,38.75,6.25,22.916666666666664,26.25,42.083333333333336,41.99170576165318,31.53153153153153
2013-09-01,33.37857161144567,0.0,Moderate,34.5679012345679,5.416666666666667,21.25,32.083333333333336,39.58333333333333,39.321309630237,31.08108108108108
2013-10-01,39.66059420508683,0.0,Moderate,31.70731707317073,7.5,30.0,46.66666666666666,43.75,44.008027516813314,40.090090090090094
2013-11-01,36.71823616613078,0.0,Moderate,36.14457831325301,6.25,22.916666666666664,41.66666666666667,39.58333333333333,41.3120876064951,34.68468468468468
2013-12-01,32.43670822491761,0.0,Moderate,32.142857142857146,10.416666666666668,22.5,35.0,35.41666666666667,37.470594432323125,32.432432432432435
2014-01-01,34.496047120991875,0.0,Moderate,34.11764705882353,5.416666666666667,12.5,34.583333333333336,44.583333333333336,42.55631231284197,33.78378378378378
2014-02-01,38.46696938321496,0.0,Moderate,29.069767441860467,9.166666666666666,21.25,45.0,47.5,46.82440477094141,39.63963963963964
2014-03-01,37.49133196882245,0.0,Moderate,39.08045977011494,7.083333333333333,19.58333333333333,45.83333333333333,36.25,40.2724316131515,34.23423423423424
2014-04-01,36.717185999828224,0.0,Moderate,46.590909090909086,5.0,19.166666666666668,40.0,31.25,38.17408950188711,29.27927927927928
2014-05-01,40.51544224808486,0.0,Moderate,56.17977528089888,5.0,16.25,41.25,33.33333333333333,46.43664402366937,30.180180180180184
2014-06-01,41.79190597188925,0.0,Moderate,58.88888888888889,4.583333333333333,16.666666666666664,42.91666666666666,32.5,47.7118600118579,30.630630630630627
2014-07-01,43.389876690606826,0.0,Moderate,53.84615384615385,4.583333333333333,30.416666666666664,47.5,32.916666666666664,48.60916624897372,36.03603603603604
2014-08-01,42.003653985454896,0.0,Moderate,43.47826086956522,4.166666666666666,39.16666666666666,50.41666666666666,27.500000000000004,41.53338823040377,35.585585585585584
2014-09-01,38.0897305326927,0.0,Moderate,36.55913978494624,2.5,30.833333333333336,49.583333333333336,27.916666666666668,35.69467417286564,33.33333333333333
2014-10-01,46.34024261722783,0.0,Moderate,25.53191489361702,1.6666666666666667,67.08333333333333,52.083333333333336,20.0,48.36432455788054,37.38738738738739
2014-11-01,38.511345242248176,0.0,Moderate,23.157894736842103,2.9166666666666665,40.41666666666666,55.41666666666667,20.416666666666668,36.69198740260667,32.88288288288289
2014-12-01,50.14160336427572,0.0,Moderate,19.791666666666664,2.083333333333333,61.25000000000001,67.5,30.833333333333336,49.99178341592988,45.94594594594595
2015-01-01,57.39914757677077,0.0,Moderate,14.432989690721648,3.75,62.083333333333336,87.91666666666667,32.083333333333336,54.55545638338376,57.65765765765766
2015-02-01,53.81733074852545,0.0,Moderate,22.448979591836736,3.75,42.5,80.41666666666667,47.91666666666667,51.64079598121472,58.55855855855856
2015-03-01,47.58049910558047,0.0,Moderate,25.252525252525253,5.0,34.583333333333336,69.16666666666667,44.583333333333336,48.90187490703503,48.64864864864865
2015-04-01,49.32348654906217,0.0,Moderate,28.000000000000004,7.916666666666666,34.166666666666664,67.08333333333333,52.5,50.79232013269862,56.30630630630631
2015-05-01,47.09929541134022,0.0,Moderate,31.683168316831683,5.416666666666667,41.66666666666667,58.75,47.5,50.901115023675175,50.0
2015-06-01,48.59271060148215,0.0,Moderate,32.35294117647059,5.0,48.75,56.25,49.16666666666666,54.74219914779821,51.80180180180181
2015-07-01,45.549917601586976,0.0,Moderate,26.21359223300971,2.9166666666666665,48.333333333333336,57.49999999999999,39.58333333333333,51.88878266623226,42.7927927927928
2015-08-01,57.974461864355874,0.0,Moderate,22.115384615384613,4.166666666666666,74.16666666666667,69.58333333333333,44.583333333333336,62.264458838473416,60.36036036036037
2015-09-01,62.21826376163424,0.0,High,20.952380952380956,7.083333333333333,76.25,75.83333333333333,52.083333333333336,65.2662881109194,67.56756756756756
2015-10-01,57.6365605107975,0.0,Moderate,22.641509433962263,7.916666666666666,57.08333333333333,75.83333333333333,55.41666666666667,58.92123325934734,64.86486486486487
2015-11-01,56.70506750702729,0.0,Moderate,27.102803738317757,8.333333333333332,48.333333333333336,68.75,66.25,56.19211044917115,66.21621621621621
2015-12-01,59.16452466878793,0.0,Moderate,28.703703703703702,10.0,57.49999999999999,73.33333333333333,61.25000000000001,58.9806509834942,68.91891891891892
2016-01-01,63.51039973841055,0.0,High,34.86238532110092,11.666666666666666,76.25,70.41666666666667,57.49999999999999,65.50161272547007,70.27027027027027
2016-02-01,59.30159648392098,0.0,Moderate,27.27272727272727,13.333333333333334,66.66666666666666,80.0,40.41666666666666,61.16827896416824,63.06306306306306
2016-03-01,63.0876249319839,0.0,High,48.64864864864865,13.750000000000002,48.333333333333336,79.16666666666666,64.58333333333334,58.146446451386936,71.17117117117117
2016-04-01,57.59063493323116,0.0,Moderate,53.57142857142857,12.916666666666668,27.916666666666668,70.83333333333334,62.083333333333336,53.03398017626192,62.16216216216216
2016-05-01,59.34465974668567,0.0,Moderate,59.29203539823009,12.916666666666668,16.666666666666664,70.0,67.5,52.6445417724056,61.71171171171172
2016-06-01,61.112196010512335,0.0,High,53.50877192982456,15.833333333333332,49.583333333333336,75.41666666666667,57.08333333333333,56.1934930450891,68.01801801801803
2016-07-01,62.31232228300949,0.0,High,47.82608695652174,15.416666666666668,31.666666666666664,82.5,67.08333333333333,54.715580031233486,69.36936936936937
2016-08-01,62.27316627289256,0.0,High,49.137931034482754,16.25,34.583333333333336,79.16666666666666,68.75,54.799933951102105,70.72072072072072
2016-09-01,60.09304393868629,0.0,High,58.119658119658126,15.416666666666668,48.333333333333336,67.5,60.0,54.952276957346825,65.76576576576578
2016-10-01,58.33263640315096,0.0,Moderate,66.10169491525424,16.25,41.66666666666667,62.91666666666666,54.16666666666666,54.01217975314143,60.810810810810814
2016-11-01,59.78218893797787,0.0,Moderate,75.63025210084034,12.916666666666668,43.333333333333336,56.25,53.333333333333336,55.50941003339037,59.009009009009006
2016-12-01,58.31312084867434,0.0,Moderate,92.5,15.416666666666668,18.75,52.083333333333336,34.166666666666664,54.05410079587679,39.18918918918919
2017-01-01,58.8153994237129,0.0,Moderate,96.69421487603306,15.833333333333332,17.5,52.91666666666666,25.833333333333336,55.167197185343895,35.13513513513514
2017-02-01,59.93193484405635,0.0,Moderate,97.54098360655738,12.5,18.33333333333333,55.833333333333336,27.916666666666668,56.604792648479744,36.93693693693694
2017-03-01,60.56758839606762,0.0,High,91.05691056910568,8.75,30.0,65.83333333333333,22.5,54.76678902197156,38.288288288288285
2017-04-01,63.48367194049243,0.0,High,81.45161290322581,5.833333333333333,47.91666666666667,78.33333333333333,18.33333333333333,52.33785102826656,41.44144144144144
2017-05-01,62.05678542035858,0.0,High,71.2,11.666666666666666,34.166666666666664,89.58333333333334,19.166666666666668,50.810969963753095,46.3963963963964
2017-06-01,61.60237489649063,0.0,High,58.730158730158735,14.583333333333334,34.166666666666664,96.66666666666669,19.58333333333333,49.97696597442348,50.9009009009009
2017-07-01,59.500048807938455,0.0,Moderate,59.055118110236215,21.666666666666668,22.08333333333333,93.33333333333331,20.416666666666668,47.611535801216206,48.1981981981982
2017-08-01,62.058271473853246,0.0,High,58.59375,22.916666666666664,42.5,92.5,18.75,48.9927047696333,55.85585585585585
2017-09-01,61.02777159944519,0.0,High,66.66666666666666,28.75,31.666666666666664,88.33333333333333,11.666666666666666,44.95505142811609,47.2972972972973
2017-10-01,63.987494778352286,0.0,High,74.61538461538461,26.666666666666668,27.08333333333333,92.91666666666669,9.583333333333334,47.22613681423805,45.4954954954955
2017-11-01,67.01277879150621,0.0,High,79.38931297709924,31.25,28.33333333333333,95.41666666666669,7.916666666666666,46.901920961940014,47.74774774774775
2017-12-01,68.38820704586587,0.0,High,85.60606060606061,25.0,22.916666666666664,97.91666666666666,9.166666666666666,49.41008862622863,44.14414414414414
2018-01-01,72.09977998845017,0.0,High,94.73684210526316,24.166666666666668,28.33333333333333,98.33333333333331,9.583333333333334,57.19406129371745,46.84684684684685
2018-02-01,79.93703199806247,0.0,High,96.26865671641792,22.5,81.25,89.16666666666667,7.916666666666666,69.61302078546397,59.45945945945946
2018-03-01,74.25501578179092,0.0,High,98.51851851851852,21.25,51.66666666666667,90.83333333333331,7.916666666666666,59.51421286376035,49.549549549549546
2018-04-01,77.20780159773426,0.0,High,98.52941176470588,21.25,60.41666666666666,94.58333333333331,7.916666666666666,64.02159420922574,54.5045045045045
2018-05-01,76.59926941408378,0.0,High,98.54014598540148,21.25,58.333333333333336,94.16666666666669,7.083333333333333,63.55556749486732,52.702702702702695
2018-06-01,76.61275482000156,0.0,High,97.82608695652172,24.166666666666668,57.08333333333333,94.58333333333331,8.75,63.122798417303,55.4054054054054
2018-07-01,76.8431844859565,0.0,High,97.84172661870504,22.916666666666664,57.91666666666667,95.41666666666669,7.083333333333333,62.63463264747983,54.054054054054056
2018-08-01,75.0808245698463,0.0,High,95.71428571428572,21.25,50.83333333333333,97.08333333333331,6.25,58.85059621467386,50.45045045045045
2018-09-01,76.07867276307749,0.0,High,96.45390070921984,18.75,50.83333333333333,99.16666666666669,11.25,61.16404902000504,53.6036036036036
2018-10-01,83.28737817885911,0.0,Extreme,94.3661971830986,25.416666666666664,85.83333333333333,97.08333333333331,10.0,69.72439576315392,63.51351351351351
2018-11-01,80.82946436774101,0.0,Extreme,93.006993006993,31.666666666666664,72.5,99.16666666666669,12.083333333333334,61.24085129862532,64.41441441441441
2018-12-01,83.46170351414605,0.0,Extreme,77.77777777777779,40.833333333333336,92.91666666666669,99.58333333333331,20.833333333333336,68.14061996008742,77.47747747747748
2019-01-01,78.39299352637349,0.0,High,64.13793103448275,43.75,83.75,100.0,25.833333333333336,65.32775698355822,79.27927927927928
2019-02-01,80.19980471772342,0.0,Extreme,82.87671232876713,44.16666666666666,72.5,99.58333333333331,33.75,63.30822029029212,80.63063063063063
2019-03-01,79.40252158605912,0.0,High,87.07482993197279,44.16666666666666,65.83333333333333,98.75,27.916666666666668,59.28775856788057,74.77477477477478
2019-04-01,77.00788236712853,0.0,High,87.83783783783784,42.083333333333336,49.16666666666666,97.5,40.833333333333336,60.9171903961701,76.12612612612612
2019-05-01,77.73151687099917,0.0,High,64.42953020134227,44.583333333333336,80.0,97.5,45.0,63.68731623706849,87.83783783783784
2019-06-01,73.82257197972426,0.0,High,41.333333333333336,46.25,73.75,96.66666666666669,54.16666666666666,56.9110254347661,91.8918918918919
2019-07-01,74.73768186012849,0.0,High,49.00662251655629,49.16666666666666,62.91666666666666,95.83333333333334,68.75,57.664905011955405,94.5945945945946
2019-08-01,79.76844324326483,0.0,High,26.973684210526315,48.75,88.33333333333333,95.41666666666669,68.75,66.83088142331833,98.1981981981982
2019-09-01,73.83575622938386,0.0,High,28.10457516339869,47.083333333333336,57.49999999999999,95.0,76.66666666666667,57.3187346915806,96.3963963963964
2019-10-01,72.99899357746217,0.0,High,30.51948051948052,51.24999999999999,70.0,75.41666666666667,84.16666666666667,58.963476085420616,97.2972972972973
2019-11-01,66.08847249995861,0.0,High,53.5483870967742,56.25,45.83333333333333,53.75,84.16666666666667,55.9106405756642,89.1891891891892
2019-12-01,66.6271692883694,0.0,High,67.3076923076923,63.33333333333333,51.66666666666667,44.583333333333336,75.41666666666667,54.1425941233246,83.78378378378379
2020-01-01,69.94788044049989,0.0,High,81.52866242038218,64.16666666666667,35.833333333333336,40.0,76.25,55.82072301969183,79.72972972972973
2020-02-01,75.0483511354895,0.0,High,65.18987341772153,63.33333333333333,86.66666666666667,53.75,75.0,64.65184086715892,95.04504504504504
2020-03-01,88.37316139620197,1.0,Extreme,2.515723270440252,96.66666666666669,100.0,26.25,99.16666666666669,88.33381286608162,99.09909909909908
2020-04-01,89.4160756426861,1.0,Extreme,2.5,100.0,98.75,28.33333333333333,100.0,89.24397676056472,100.0
2020-05-01,88.73798595769493,0.0,Extreme,2.484472049689441,99.58333333333331,97.08333333333331,28.75,99.58333333333331,87.988643913414,99.54954954954955
2020-06-01,81.48530300606728,0.0,Extreme,5.555555555555555,99.16666666666669,72.08333333333333,30.416666666666664,96.66666666666669,75.83850005086212,98.64864864864865
2020-07-01,74.72884190159175,0.0,High,12.883435582822086,98.75,39.58333333333333,31.25,94.16666666666669,73.70138986378245,93.69369369369367
2020-08-01,75.06557133576273,0.0,High,34.756097560975604,97.08333333333331,32.916666666666664,32.5,93.33333333333331,75.43625611942372,93.24324324324324
2020-09-01,80.68106764943936,0.0,Extreme,32.72727272727273,93.75,80.0,32.916666666666664,88.33333333333333,82.90811738073549,97.74774774774777
2020-10-01,78.97922019077949,0.0,High,27.710843373493976,89.16666666666667,81.66666666666667,32.083333333333336,87.08333333333333,81.81016720943595,95.94594594594594
2020-11-01,77.58237767680723,0.0,High,37.72455089820359,87.91666666666667,72.08333333333333,40.41666666666666,87.91666666666667,78.68064966421598,96.84684684684684
2020-12-01,72.58289929927604,0.0,High,62.5,87.08333333333333,22.08333333333333,31.25,85.0,81.81183490849581,86.03603603603604
2021-01-01,78.34594888377762,0.0,High,84.61538461538461,85.83333333333333,47.5,28.33333333333333,80.41666666666667,87.23913396420083,91.44144144144144
2021-02-01,80.80168224507968,0.0,Extreme,94.11764705882352,85.0,33.75,19.166666666666668,85.83333333333333,87.68850854196656,85.58558558558559
2021-03-01,68.85105051657045,0.0,High,100.0,80.41666666666667,45.41666666666666,8.75,2.083333333333333,73.26688573000926,38.73873873873874
2021-04-01,52.24700865319036,0.0,Moderate,100.0,40.833333333333336,12.916666666666668,3.75,0.0,51.15973721175675,27.47747747747748
2021-05-01,55.75712035701943,0.0,Moderate,100.0,45.41666666666666,29.166666666666668,1.6666666666666667,0.4166666666666667,54.92257068684668,27.927927927927925
2021-06-01,57.1339811056213,0.0,Moderate,99.42528735632185,57.91666666666667,12.5,8.333333333333332,4.166666666666666,57.49348624501255,28.37837837837838
2021-07-01,60.7795781602433,0.0,High,98.85714285714286,52.91666666666666,36.25,13.333333333333334,14.583333333333334,59.499800121627246,36.48648648648648
2021-08-01,60.80908434802077,0.0,High,97.72727272727272,56.66666666666666,28.33333333333333,17.916666666666668,18.33333333333333,61.68564327683685,37.83783783783784
2021-09-01,64.886210115832,0.0,High,97.17514124293784,56.25,52.083333333333336,12.5,24.166666666666668,65.1401131674192,43.69369369369369
2021-10-01,58.16540281114939,0.0,Moderate,99.438202247191,55.00000000000001,16.25,4.166666666666666,18.75,58.28910211341803,29.72972972972973
2021-11-01,55.91576084816069,0.0,Moderate,100.0,45.0,19.166666666666668,5.0,14.583333333333334,53.3046317837834,28.82882882882883
2021-12-01,66.28107608762849,0.0,High,97.77777777777776,35.41666666666667,73.33333333333333,12.083333333333334,22.5,61.77920682331771,40.99099099099099
2022-01-01,69.4159929810516,0.0,High,98.8950276243094,35.0,79.16666666666666,12.5,31.25,63.97530663083582,51.35135135135135
2022-02-01,71.21137412585881,0.0,High,98.9010989010989,34.166666666666664,90.0,21.25,9.166666666666666,64.07915811681376,42.34234234234234
2022-03-01,74.3685157236595,0.0,High,100.0,35.41666666666667,90.41666666666669,24.166666666666668,32.5,70.52357482024031,59.90990990990991
2022-04-01,70.52879094082812,0.0,High,98.36956521739133,33.33333333333333,81.25,31.25,24.166666666666668,62.83655241478896,54.95495495495496
2022-05-01,72.60628723701984,0.0,High,94.5945945945946,35.833333333333336,92.91666666666669,27.916666666666668,21.25,68.29002333578698,56.75675675675676
2022-06-01,69.46402168818399,0.0,High,92.47311827956987,37.5,82.91666666666667,31.25,24.166666666666668,61.00807031384044,57.20720720720721
2022-07-01,77.29570180966981,0.0,High,91.97860962566844,40.833333333333336,90.83333333333331,64.16666666666667,20.833333333333336,66.7888429951378,67.11711711711712
2022-08-01,80.4577684498042,0.0,Extreme,92.02127659574468,43.333333333333336,82.08333333333333,86.25,18.75,65.49699378862012,72.52252252252252
2022-09-01,82.92043499209524,0.0,Extreme,91.005291005291,45.0,92.91666666666669,84.58333333333333,15.833333333333332,70.14260205744857,72.97297297297297
2022-10-01,83.4174406721049,0.0,Extreme,90.52631578947368,45.41666666666666,92.5,87.08333333333333,17.5,69.85705930331446,75.22522522522522
2022-11-01,83.8798906784137,0.0,Extreme,90.0523560209424,49.583333333333336,81.25,97.5,22.916666666666664,69.70969637584703,81.08108108108108
2022-12-01,84.20995402022514,0.0,Extreme,89.0625,54.58333333333333,78.75,99.16666666666669,25.0,71.07503923573614,82.43243243243244
2023-01-01,81.7038951316366,0.0,Extreme,88.60103626943005,53.75,70.0,98.75,15.0,68.99904124198792,74.32432432432432
2023-02-01,81.23915313286251,0.0,Extreme,89.17525773195877,57.49999999999999,62.91666666666666,99.16666666666669,20.416666666666668,70.15622474915442,77.02702702702703
2023-03-01,88.01273205047538,0.0,Extreme,88.2051282051282,61.25000000000001,92.08333333333331,97.91666666666666,25.416666666666664,79.25441239775037,90.09009009009009
2023-04-01,85.30051580564528,0.0,Extreme,87.24489795918367,62.91666666666666,83.33333333333334,96.66666666666669,23.75,75.26435196207743,84.68468468468468
2023-05-01,86.85208895130722,0.0,Extreme,84.26395939086294,66.25,89.58333333333334,97.08333333333331,27.08333333333333,78.78717579568755,90.990990990991
2023-06-01,84.74132557813006,0.0,Extreme,80.8080808080808,70.0,78.33333333333333,100.0,33.33333333333333,76.41898293484338,92.34234234234236
2023-07-01,84.19618669976829,0.0,Extreme,81.90954773869346,72.5,72.91666666666666,99.58333333333331,26.25,75.28622493543442,88.73873873873875
2023-08-01,82.47994594503155,0.0,Extreme,82.0,74.58333333333333,63.74999999999999,98.33333333333331,24.166666666666668,75.0326618481284,83.33333333333334
2023-09-01,77.95066785766751,0.0,High,81.09452736318407,73.33333333333333,55.41666666666667,90.41666666666669,22.916666666666664,71.305510103606,78.37837837837837
2023-10-01,79.38022785281986,0.0,High,81.1881188118812,72.5,81.25,77.91666666666667,35.833333333333336,74.37977146910553,88.28828828828829
2023-11-01,75.17431327286558,0.0,High,78.81773399014779,69.58333333333333,61.25000000000001,83.33333333333334,27.916666666666668,68.5403011566128,78.82882882882883
2023-12-01,72.80931952383807,0.0,High,75.49019607843137,70.41666666666667,47.91666666666667,85.0,20.833333333333336,66.75907659197303,71.62162162162163
2024-01-01,75.89411491612898,0.0,High,78.04878048780488,71.66666666666667,42.5,87.91666666666667,52.91666666666666,71.93882797646525,90.54054054054052
2024-02-01,74.70102111072116,0.0,High,79.12621359223301,72.08333333333333,35.41666666666667,86.25,45.41666666666666,70.21446087176555,82.88288288288288
2024-03-01,75.53243633151783,0.0,High,82.1256038647343,74.16666666666667,45.83333333333333,82.08333333333333,48.333333333333336,70.9729204828332,86.48648648648648
2024-04-01,78.29258627406891,0.0,High,83.65384615384616,75.0,57.91666666666667,85.0,53.333333333333336,75.08114421140056,92.7927927927928
2024-05-01,74.53138567633017,0.0,High,77.51196172248804,76.25,25.416666666666664,83.33333333333334,48.75,71.50883328386534,81.98198198198197
2024-06-01,74.89746151758975,0.0,High,71.42857142857143,79.16666666666666,37.91666666666666,86.25,47.91666666666667,72.85786331161324,86.93693693693693
2024-07-01,76.16664724940946,0.0,High,70.14218009478674,80.0,72.5,78.33333333333333,52.91666666666666,74.21064794123713,94.14414414414416
2024-08-01,75.99483276867603,0.0,High,55.66037735849056,80.0,85.0,69.58333333333333,56.25,75.55083887148653,95.4954954954955
2024-09-01,67.68604269244301,0.0,High,53.990610328638496,78.75,65.83333333333333,55.41666666666667,59.16666666666666,66.42540356848724,89.63963963963964
2024-10-01,70.13746598618374,0.0,High,71.49532710280374,77.91666666666667,65.0,55.833333333333336,56.66666666666666,68.91619481135037,87.38738738738738
2024-11-01,70.15060010717382,0.0,High,77.20930232558139,78.33333333333333,7.916666666666666,58.333333333333336,57.49999999999999,70.90756326078382,73.87387387387388
2024-12-01,67.60476230797548,0.0,High,75.0,77.08333333333334,3.333333333333333,58.333333333333336,49.583333333333336,67.8885354102522,68.46846846846847
2025-01-01,66.20905593459746,0.0,High,80.18433179723502,76.25,19.166666666666668,49.583333333333336,42.91666666666666,64.90652693321854,65.31531531531532
2025-02-01,68.89923540637446,0.0,High,83.02752293577981,76.66666666666667,32.5,52.91666666666666,46.66666666666666,67.96537474060219,72.07207207207207
2025-03-01,74.23727067252918,0.0,High,76.71232876712328,76.66666666666667,79.58333333333333,54.16666666666666,42.5,75.27374632462517,81.53153153153153
2025-04-01,77.30027212793422,0.0,High,66.81818181818183,77.08333333333334,95.41666666666669,52.91666666666666,42.91666666666666,77.89467469441819,85.13513513513513
2025-05-01,71.37834155704132,0.0,High,69.23076923076923,78.75,74.16666666666667,50.0,52.083333333333336,69.6523129511803,84.23423423423422
2025-06-01,65.5007910917094,0.0,High,66.66666666666666,78.33333333333333,48.75,52.5,48.333333333333336,65.76111018798088,76.57657657657657
2025-07-01,64.96240706145419,0.0,High,73.54260089686099,77.91666666666667,5.833333333333333,54.58333333333333,40.0,68.38036205923189,61.26126126126125
2025-08-01,65.14377825510309,0.0,High,74.10714285714286,77.5,7.5,53.333333333333336,42.5,66.8719431745949,62.612612612612615
2025-09-01,64.76764260586823,0.0,High,72.0,79.16666666666666,14.583333333333334,53.333333333333336,40.0,66.59625183296868,63.96396396396396
2025-10-01,66.46739464214492,0.0,High,64.60176991150442,80.0,54.58333333333333,54.16666666666666,47.083333333333336,67.92967124628056,77.92792792792793
2025-11-01,65.6640375187405,0.0,High,63.87665198237885,79.16666666666666,53.75,54.58333333333333,43.333333333333336,66.69733196795453,75.67567567567568
2025-12-01,61.47600171935727,0.0,High,59.64912280701754,75.83333333333333,31.25,49.16666666666666,50.83333333333333,64.4464120455079,69.81981981981981
2026-01-01,60.285720600614034,0.0,High,63.31877729257642,72.91666666666666,32.083333333333336,48.75,44.16666666666666,63.6487675929272,66.66666666666666
2026-02-01,63.43286870256805,0.0,High,65.65217391304347,71.66666666666667,57.49999999999999,50.0,45.0,66.9522183551199,73.42342342342343
2026-03-01,68.94297364943428,,High,72.2943722943723,59.583333333333336,78.75,54.16666666666666,48.333333333333336,72.28240555453587,80.18018018018019
