date,Inflation,Labour,Financial,Monetary,Real,ESI,ESI_expanding,ESI_ML,RECESSION
1971-02-01,,,,,,,,,0.0
1971-03-01,,,,,,,,,0.0
1971-04-01,,,,,,,,,0.0
1971-05-01,,,,,,,,,0.0
1971-06-01,,,,,,,,,0.0
1971-07-01,,,,,,,,,0.0
1971-08-01,,,,,,,,,0.0
1971-09-01,,,,,,,,,0.0
1971-10-01,,,,,,,,,0.0
1971-11-01,,,,,,,,,0.0
1971-12-01,,,,,,,,,0.0
1972-01-01,,,,,,,,,0.0
1972-02-01,,,,,,,,,0.0
1972-03-01,,,,,,,,,0.0
1972-04-01,,,,,,,,,0.0
1972-05-01,,,,,,,,,0.0
1972-06-01,,,,,,,,,0.0
1972-07-01,,,,,,,,,0.0
1972-08-01,,,,,,,,,0.0
1972-09-01,,,,,,,,,0.0
1972-10-01,,,,,,,,,0.0
1972-11-01,,,,,,,,,0.0
1972-12-01,,,,,,,,,0.0
1973-01-01,,,,,,,,,0.0
1973-02-01,,,,,,,,,0.0
1973-03-01,,,,,,,,,0.0
1973-04-01,,,,,,,,,0.0
1973-05-01,,,,,,,,,0.0
1973-06-01,,,,,,,,,0.0
1973-07-01,,,,,,,,,0.0
1973-08-01,,,,,,,,,0.0
1973-09-01,,,,,,,,,0.0
1973-10-01,,,,,,,,,0.0
1973-11-01,,,,,,,,,0.0
1973-12-01,,,,,,,,,1.0
1974-01-01,,,,,,,,,1.0
1974-02-01,,,,,,,,,1.0
1974-03-01,,,,,,,,,1.0
1974-04-01,,,,,,,,,1.0
1974-05-01,,,,,,,,,1.0
1974-06-01,,,,,,,,,1.0
1974-07-01,,,,,,,,,1.0
1974-08-01,,,,,,,,,1.0
1974-09-01,,,,,,,,,1.0
1974-10-01,,,,,,,,,1.0
1974-11-01,,,,,,,,,1.0
1974-12-01,,,,,,,,,1.0
1975-01-01,,,,,,,,,1.0
1975-02-01,,,,,,,,,1.0
1975-03-01,,,,,,,,,1.0
1975-04-01,,,,,,,,,0.0
1975-05-01,,,,,,,,,0.0
1975-06-01,,,,,,,,,0.0
1975-07-01,,,,,,,,,0.0
1975-08-01,,,,,,,,,0.0
1975-09-01,,,,,,,,,0.0
1975-10-01,,,,,,,,,0.0
1975-11-01,,,,,,,,,0.0
1975-12-01,,,,,,,,,0.0
1976-01-01,,,,,,,,,0.0
1976-02-01,,,,,,,,,0.0
1976-03-01,,,,,,,,,0.0
1976-04-01,,,,,,,,,0.0
1976-05-01,,,,,,,,,0.0
1976-06-01,,,,,,,,,0.0
1976-07-01,,,,,,,,,0.0
1976-08-01,,,,,,,,,0.0
1976-09-01,,,,,,,,,0.0
1976-10-01,,,,,,,,,0.0
1976-11-01,,,,,,,,,0.0
1976-12-01,,,,,,,,,0.0
1977-01-01,,,,,,,,,0.0
1977-02-01,,,,,,,,,0.0
1977-03-01,,,,,,,,,0.0
1977-04-01,,,,,,,,,0.0
1977-05-01,,,,,,,,,0.0
1977-06-01,,,,,,,,,0.0
1977-07-01,,,,,,,,,0.0
1977-08-01,,,,,,,,,0.0
1977-09-01,,,,,,,,,0.0
1977-10-01,,,,,,,,,0.0
1977-11-01,,,,,,,,,0.0
1977-12-01,,,,,,,,,0.0
1978-01-01,,,,,,,,,0.0
1978-02-01,,,,,,,,,0.0
1978-03-01,,,,,,,,,0.0
1978-04-01,,,,,,,,,0.0
1978-05-01,,,,,,,,,0.0
1978-06-01,,,,,,,,,0.0
1978-07-01,,,,,,,,,0.0
1978-08-01,,,,,,,,,0.0
1978-09-01,,,,,,,,,0.0
1978-10-01,,,,,,,,,0.0
1978-11-01,,,,,,,,,0.0
1978-12-01,,,,,,,,,0.0
1979-01-01,,,,,,,,,0.0
1979-02-01,,100.0,,93.87755102040816,2.0408163265306123,92.7435299178546,92.7435299178546,,0.0
1979-03-01,,100.0,,92.0,8.0,92.14868647148853,92.14868647148853,,0.0
1979-04-01,,100.0,,78.43137254901961,25.49019607843137,87.14380310596401,87.14380310596401,,0.0
1979-05-01,,94.11764705882352,,69.23076923076923,25.0,80.28633694225026,80.28633694225026,,0.0
1979-06-01,,94.44444444444444,,62.264150943396224,28.30188679245283,78.20780038203156,78.20780038203156,,0.0
1979-07-01,,84.21052631578947,,61.111111111111114,38.88888888888889,72.7346255202682,72.7346255202682,,0.0
1979-08-01,,100.0,,65.45454545454545,45.45454545454545,84.10006356100874,84.10006356100874,,0.0
1979-09-01,,100.0,,71.42857142857143,42.857142857142854,85.71428571428572,85.71428571428572,,0.0
1979-10-01,,100.0,,100.0,42.10526315789473,97.41452533619093,97.41452533619093,,0.0
1979-11-01,,100.0,,93.10344827586206,46.55172413793103,94.42142513786406,94.42142513786406,,0.0
1979-12-01,,100.0,,93.22033898305084,50.847457627118644,94.6747742758489,94.6747742758489,,0.0
1980-01-01,,100.0,,88.33333333333333,45.0,92.26755706193886,92.26755706193886,,0.0
1980-02-01,,100.0,,90.1639344262295,57.377049180327866,93.67244691620881,93.67244691620881,,1.0
1980-03-01,,100.0,,100.0,51.61290322580645,97.83911941587805,97.83911941587805,,1.0
1980-04-01,,100.0,,100.0,42.857142857142854,97.4481029292274,97.4481029292274,,1.0
1980-05-01,,100.0,,17.1875,75.0,85.30043315479404,85.30043315479404,,1.0
1980-06-01,,100.0,,12.307692307692308,78.46153846153847,86.43904838842482,86.43904838842482,,1.0
1980-07-01,,100.0,,13.636363636363635,80.3030303030303,87.27672899316622,87.27672899316622,,1.0
1980-08-01,,93.75,,22.388059701492537,79.1044776119403,83.92645745063464,83.92645745063464,,0.0
1980-09-01,,87.87878787878788,,48.529411764705884,73.52941176470588,79.93593936932093,79.93593936932093,,0.0
1980-10-01,,85.29411764705883,,68.11594202898551,73.91304347826086,80.14388786726305,80.14388786726305,,0.0
1980-11-01,,80.0,,97.14285714285714,70.0,89.24454062161884,89.24454062161884,,0.0
1980-12-01,,75.0,,100.0,59.154929577464785,88.34805444940395,88.34805444940395,,0.0
1981-01-01,,67.56756756756756,,97.22222222222221,66.66666666666666,85.845665395822,85.845665395822,,0.0
1981-02-01,,68.42105263157895,,91.78082191780823,68.4931506849315,82.96467728949538,82.96467728949538,,0.0
1981-03-01,,66.66666666666666,,58.108108108108105,72.97297297297297,69.64632379843988,69.74724632108038,,0.0
1981-04-01,,60.0,,86.66666666666667,81.33333333333333,83.05533682950558,84.47054315965863,,0.0
1981-05-01,,53.65853658536586,,100.0,53.94736842105263,82.53810272445752,82.53810272445752,,0.0
1981-06-01,,52.38095238095239,,100.0,23.376623376623375,77.92921084865624,77.79315669381846,,0.0
1981-07-01,,51.162790697674424,,96.15384615384616,15.384615384615385,74.46979690362224,73.74977918896343,,0.0
1981-08-01,,59.09090909090909,,91.13924050632912,15.18987341772152,74.20426615978049,74.20426615978049,,1.0
1981-09-01,,68.88888888888889,,87.5,23.75,76.43729388505619,75.41054648124216,,1.0
1981-10-01,,82.6086956521739,,71.60493827160494,45.67901234567901,76.11120781542296,76.41268613020897,,1.0
1981-11-01,,85.1063829787234,,23.170731707317074,71.95121951219512,76.39151722581587,74.87054610704779,,1.0
1981-12-01,,89.58333333333334,,20.481927710843372,85.54216867469879,84.5933788910958,84.5933788910958,,1.0
1982-01-01,,89.79591836734694,,46.42857142857143,89.28571428571429,87.61615473246117,87.05420724540245,,1.0
1982-02-01,,90.0,,87.05882352941177,82.35294117647058,88.3992466247947,88.3247920073313,,1.0
1982-03-01,,90.19607843137256,,88.37209302325581,81.3953488372093,88.97699396875579,88.97699396875579,,1.0
1982-04-01,,92.3076923076923,,83.9080459770115,78.16091954022988,88.34957492029865,88.61799330438902,,1.0
1982-05-01,,94.33962264150944,,64.77272727272727,85.22727272727273,89.01738586983578,89.36738282419498,,1.0
1982-06-01,,94.44444444444444,,51.68539325842697,87.64044943820225,89.41146062932836,89.68314213550977,,1.0
1982-07-01,,96.36363636363636,,42.22222222222222,86.66666666666667,89.51884484790621,89.57312369766112,,1.0
1982-08-01,,96.42857142857143,,20.87912087912088,87.91208791208791,89.09643455212226,89.09643455212226,,1.0
1982-09-01,,96.49122807017544,,35.869565217391305,86.95652173913044,89.4047667347071,89.61354635854218,,1.0
1982-10-01,,96.55172413793103,,29.03225806451613,83.87096774193549,87.76147221496544,88.42866010820245,,1.0
1982-11-01,,93.22033898305084,,43.61702127659575,78.72340425531915,84.60621595614937,84.66669324754592,,1.0
1982-12-01,,80.0,,43.15789473684211,77.89473684210526,77.36247227214426,76.87683124698349,,0.0
1983-01-01,,68.85245901639344,,33.33333333333333,85.41666666666666,75.83931315025025,74.88196674913698,,0.0
1983-02-01,,62.903225806451616,,26.804123711340207,100.0,81.53531883759115,81.98746865651782,,0.0
1983-03-01,,57.14285714285714,,42.857142857142854,98.9795918367347,80.9098019673025,80.20245953060238,,0.0
1983-04-01,,45.3125,,45.45454545454545,91.91919191919192,74.32914996162273,74.44732150018453,,0.0
1983-05-01,,40.0,,47.0,91.0,73.15662285982931,72.01153305794931,,0.0
1983-06-01,,31.818181818181817,,51.48514851485149,86.13861386138613,70.23195342243794,69.33210083989812,,0.0
1983-07-01,,20.8955223880597,,56.86274509803921,78.43137254901961,66.59653834503648,66.73587504039666,,0.0
1983-08-01,,20.588235294117645,,67.96116504854369,63.10679611650486,63.58341772124456,65.23106082003248,,0.0
1983-09-01,,5.797101449275362,,52.88461538461539,45.19230769230769,47.25464554864182,48.901146760511494,,0.0
1983-10-01,,1.4285714285714286,,51.42857142857142,36.19047619047619,42.496252339235824,44.06639054613335,,0.0
1983-11-01,,0.0,,50.0,27.358490566037734,38.304691383247196,38.84811953377943,,0.0
1983-12-01,,0.0,,50.467289719626166,14.018691588785046,34.5208970698751,34.76800253128643,,0.0
1984-01-01,,0.0,,48.148148148148145,0.0,29.948555863207037,30.701394806689,,0.0
1984-02-01,,0.0,,47.706422018348626,0.0,29.67379846996661,29.67379846996661,,0.0
1984-03-01,,0.0,,48.18181818181818,0.9090909090909091,30.14318762838556,31.274043339554996,,0.0
1984-04-01,,2.631578947368421,,58.55855855855856,1.8018018018018018,37.263132346325094,38.38382733385298,,0.0
1984-05-01,,3.896103896103896,,61.60714285714286,1.7857142857142856,39.402206373386306,42.73370963386458,,0.0
1984-06-01,,6.41025641025641,,78.76106194690266,3.5398230088495577,50.88265512383143,51.73275211423605,,0.0
1984-07-01,,8.860759493670885,,80.7017543859649,4.385964912280701,52.729990852528466,53.567330664629665,,0.0
1984-08-01,,10.0,,86.08695652173914,5.217391304347826,56.45436809056477,56.994899961385535,,0.0
1984-09-01,,12.345679012345679,,79.3103448275862,8.620689655172415,53.316072836532676,54.54226645432249,,0.0
1984-10-01,,17.073170731707318,,51.28205128205128,10.256410256410255,37.195955922339884,39.32220262093481,,0.0
1984-11-01,,18.072289156626507,,38.13559322033898,12.711864406779661,29.67410804645711,31.499713222863296,,0.0
1984-12-01,,23.809523809523807,,18.487394957983195,19.327731092436977,21.972133841834225,21.50397036629006,,0.0
1985-01-01,,18.823529411764707,,19.166666666666668,32.5,27.39620511397002,29.825665363509447,,0.0
1985-02-01,,22.093023255813954,,31.40495867768595,33.88429752066116,32.23583853368957,35.2686515744198,,0.0
1985-03-01,,22.988505747126435,,43.44262295081967,29.508196721311474,37.20409931983751,38.755026363541916,,0.0
1985-04-01,,32.95454545454545,,35.77235772357724,26.82926829268293,34.138228764504234,35.43198264208743,,0.0
1985-05-01,,37.07865168539326,,22.58064516129032,33.87096774193548,34.98438324454029,36.62792804314177,,0.0
1985-06-01,,40.0,,16.0,46.400000000000006,42.146655574035584,43.92812887481599,,0.0
1985-07-01,,37.362637362637365,,19.047619047619047,60.317460317460316,49.248411166574556,48.60947297442954,,0.0
1985-08-01,,38.04347826086957,,23.62204724409449,65.35433070866141,52.93760082215719,53.45821251027811,,0.0
1985-09-01,,41.935483870967744,,28.125,57.8125,50.052194300927376,50.12736054873834,,0.0
1985-10-01,,45.744680851063826,,37.98449612403101,57.36434108527132,51.908054211210036,50.67439120305073,,0.0
1985-11-01,,46.31578947368421,,40.0,47.69230769230769,46.72033700323658,45.39145420169382,,0.0
1985-12-01,,42.70833333333333,,48.091603053435115,28.24427480916031,44.813431516333914,44.75591984458782,,0.0
1986-01-01,,37.11340206185567,,47.72727272727273,17.424242424242426,41.77647550071172,41.55507332211579,,0.0
1986-02-01,,38.775510204081634,,50.37593984962406,17.293233082706767,43.87432500544094,46.984783806533784,,0.0
1986-03-01,,41.41414141414141,,57.46268656716418,23.134328358208954,49.258515685898224,52.35346082135939,,0.0
1986-04-01,,42.0,,54.81481481481482,31.11111111111111,48.574417713354464,51.10354890373634,,0.0
1986-05-01,,48.51485148514851,,48.529411764705884,43.38235294117647,48.29260283213541,47.39597425159024,,0.0
1986-06-01,,47.05882352941176,,48.175182481751825,41.605839416058394,47.37085543680779,46.009328364275284,,0.0
1986-07-01,,40.77669902912621,,43.47826086956522,36.231884057971016,41.99330740184573,42.064989289472685,,0.0
1986-08-01,,48.07692307692308,,33.093525179856115,44.60431654676259,45.846334646603935,42.895749333183026,,0.0
1986-09-01,,51.42857142857142,,17.142857142857142,54.285714285714285,51.28692114962415,47.02014565275275,,0.0
1986-10-01,,52.83018867924528,,17.02127659574468,54.60992907801418,52.090496592792675,48.50519857383631,,0.0
1986-11-01,,50.467289719626166,,32.3943661971831,55.633802816901415,52.26636466463165,47.29790847807274,,0.0
1986-12-01,,39.81481481481482,,51.048951048951054,67.13286713286713,59.53083795294515,56.02153596828565,,0.0
1987-01-01,,34.862385321100916,,47.22222222222222,75.0,62.639746251758666,59.29479806338744,,0.0
1987-02-01,,30.0,,35.172413793103445,54.48275862068965,46.33695884310277,43.59497644123629,,0.0
1987-03-01,,26.126126126126124,,21.232876712328768,26.71232876712329,26.19476982753467,30.934499910973543,,0.0
1987-04-01,,24.107142857142858,,15.646258503401361,18.367346938775512,21.53321374866254,22.5377469000489,,0.0
1987-05-01,,19.469026548672566,,26.351351351351347,6.756756756756757,22.496108649401698,28.232930085011084,,0.0
1987-06-01,,13.157894736842104,,22.14765100671141,1.342281879194631,17.433252709662355,25.86346607451363,,0.0
1987-07-01,,13.043478260869565,,19.333333333333332,0.0,15.722924560669263,23.44990774830064,,0.0
1987-08-01,,13.793103448275861,,17.218543046357617,0.0,14.894542765984712,20.547449003471687,,0.0
1987-09-01,,12.82051282051282,,21.710526315789476,0.0,16.967546675301215,24.58277967320995,,0.0
1987-10-01,,11.016949152542372,,22.875816993464053,0.0,17.017833895893038,25.219013195885672,,0.0
1987-11-01,,10.084033613445378,,12.987012987012985,0.0,11.098534659175968,15.598026622674976,,0.0
1987-12-01,,14.166666666666666,,14.193548387096774,0.0,13.54685498345651,18.308721577066812,,0.0
1988-01-01,,24.793388429752067,,23.717948717948715,0.641025641025641,23.206380994826965,27.65769303953188,,0.0
1988-02-01,,29.508196721311474,,24.840764331210192,3.1847133757961785,26.20075664265679,30.18962806354432,,0.0
1988-03-01,,26.82926829268293,,22.151898734177212,4.430379746835443,23.711612987272733,27.720340924972305,,0.0
1988-04-01,,19.35483870967742,,20.125786163522015,5.031446540880504,19.087813053971566,25.210846480041408,,0.0
1988-05-01,,24.0,,23.75,6.25,23.088283109261905,28.512650084217817,,0.0
1988-06-01,,23.015873015873016,,44.72049689440994,10.559006211180124,34.74251175438239,37.70238740483965,,0.0
1988-07-01,,32.28346456692913,,50.617283950617285,12.345679012345679,41.319510932870486,43.29337697957939,,0.0
1988-08-01,,35.9375,,56.44171779141104,12.269938650306749,45.93543213220481,49.833778724817606,,0.0
1988-09-01,,34.10852713178294,,56.09756097560976,13.414634146341465,45.212609784935054,49.305493888712135,,0.0
1988-10-01,,30.76923076923077,,57.57575757575758,14.545454545454545,45.16229436994021,48.967202937876166,,0.0
1988-11-01,,21.374045801526716,,59.63855421686747,17.46987951807229,44.47798001501874,53.78475469272599,,0.0
1988-12-01,,23.484848484848484,,71.25748502994011,19.16167664670659,52.42323293151179,58.79250272923453,,0.0
1989-01-01,,24.81203007518797,,77.97619047619048,12.5,55.82809640239394,59.80989815104334,,0.0
1989-02-01,,33.582089552238806,,81.65680473372781,10.650887573964498,60.08191874685561,62.07272570952426,,0.0
1989-03-01,,38.51851851851852,,82.94117647058825,8.235294117647058,62.01930866350946,63.16229630606351,,0.0
1989-04-01,,46.32352941176471,,76.0233918128655,8.187134502923977,60.51407748616694,63.69789740689109,,0.0
1989-05-01,,50.36496350364964,,65.11627906976744,8.13953488372093,55.992810854993394,61.402883361916196,,0.0
1989-06-01,,57.971014492753625,,56.64739884393064,12.138728323699421,55.296172444220325,58.56364925055802,,0.0
1989-07-01,,61.87050359712231,,43.67816091954023,19.54022988505747,52.313605386812085,53.295744033176945,,0.0
1989-08-01,,62.857142857142854,,53.142857142857146,23.42857142857143,56.74734419130232,58.55832513856286,,0.0
1989-09-01,,64.53900709219859,,56.81818181818182,26.136363636363637,59.32110022141394,63.38646047523476,,0.0
1989-10-01,,65.49295774647888,,55.367231638418076,33.33333333333333,59.61941933859421,63.061924615063035,,0.0
1989-11-01,,67.13286713286713,,44.38202247191011,34.831460674157306,57.0791921044337,57.322846901441764,,0.0
1989-12-01,,67.36111111111111,,40.78212290502793,36.312849162011176,56.5445134322961,57.22754732552878,,0.0
1990-01-01,,66.89655172413794,,25.555555555555554,48.888888888888886,57.47746120606108,56.401401438871055,,0.0
1990-02-01,,69.17808219178082,,25.96685082872928,44.751381215469614,57.46556529268412,57.19970984173585,,0.0
1990-03-01,,69.38775510204081,,33.51648351648351,44.505494505494504,58.3258680779511,57.44709391208555,,0.0
1990-04-01,,69.5945945945946,,39.34426229508197,50.27322404371585,60.72967575997837,58.68938418602263,,0.0
1990-05-01,,70.46979865771812,,38.04347826086957,37.5,58.111186864844804,57.87828442084638,,0.0
1990-06-01,,71.33333333333334,,26.486486486486488,35.13513513513514,56.214305646594795,57.90335249081016,,0.0
1990-07-01,,73.50993377483444,,11.29032258064516,27.956989247311824,53.6897446093345,54.50371655930386,,0.0
1990-08-01,,76.31578947368422,,8.02139037433155,29.946524064171122,55.52890335892782,52.40349929782733,,1.0
1990-09-01,,80.3921568627451,,6.382978723404255,26.595744680851062,56.91702898645445,53.13595776611545,,1.0
1990-10-01,,83.76623376623377,,5.82010582010582,24.33862433862434,58.33648672487064,54.304240879893136,,1.0
1990-11-01,,85.80645161290322,,7.894736842105263,29.47368421052631,61.171788586228544,59.87977644496014,,1.0
1990-12-01,,87.82051282051282,,7.853403141361256,34.55497382198953,63.76576142853404,61.0908058374698,,1.0
1991-01-01,,88.53503184713377,80.0,7.291666666666667,35.41666666666667,71.9376564846539,70.0684473885256,,1.0
1991-02-01,,89.24050632911393,36.36363636363637,5.699481865284974,49.740932642487046,62.578143395713546,56.97318190493479,,1.0
1991-03-01,,91.82389937106919,0.0,6.185567010309279,61.855670103092784,62.15261285649421,56.280379305974975,,1.0
1991-04-01,,91.875,0.0,6.153846153846154,56.92307692307692,60.56418351876741,55.136814967294654,,0.0
1991-05-01,,90.06211180124224,7.142857142857142,5.1020408163265305,57.6530612244898,60.63645529594949,55.396006257152365,,0.0
1991-06-01,,88.27160493827161,13.333333333333334,5.583756345177665,51.26903553299492,58.658533318060044,55.44334665865328,,0.0
1991-07-01,,85.88957055214725,12.5,7.07070707070707,41.91919191919192,54.89642518681673,54.39911939443593,,0.0
1991-08-01,,84.14634146341463,35.294117647058826,10.050251256281408,37.185929648241206,57.120176298824305,56.05550256053783,,0.0
1991-09-01,,83.03030303030303,66.66666666666666,11.5,30.0,64.20974556608832,62.133249612709186,,0.0
1991-10-01,,83.73493975903614,78.94736842105263,10.44776119402985,27.860696517412936,68.57408238882152,66.73175110038548,,0.0
1991-11-01,,82.03592814371258,70.0,4.455445544554455,22.772277227722775,63.377649753956135,61.63792789268471,,0.0
1991-12-01,,85.71428571428571,71.42857142857143,3.4482758620689653,22.167487684729064,65.27300130591449,63.433365732563104,,0.0
1992-01-01,,86.3905325443787,40.909090909090914,3.9215686274509802,22.54901960784314,56.11879714379742,53.77557618421765,,0.0
1992-02-01,,84.70588235294117,21.73913043478261,5.365853658536586,17.560975609756095,50.13946805495243,48.49041053602849,,0.0
1992-03-01,,81.87134502923976,8.333333333333332,10.679611650485436,11.650485436893204,46.05977025013466,42.86534102112075,,0.0
1992-04-01,,79.06976744186046,12.0,5.314009661835748,8.212560386473431,43.84233759707239,42.25668280048603,,0.0
1992-05-01,,78.61271676300578,34.61538461538461,7.6923076923076925,10.096153846153847,49.205972110079486,46.86863154928021,,0.0
1992-06-01,,78.73563218390804,44.44444444444444,4.30622009569378,12.440191387559809,51.944952066140814,49.822862378839005,,0.0
1992-07-01,,83.42857142857143,64.28571428571429,3.3333333333333335,9.047619047619047,59.97861011202626,57.81443557268236,,0.0
1992-08-01,,82.38636363636364,79.3103448275862,4.265402843601896,14.218009478672986,65.82516931867023,63.508202265011846,,0.0
1992-09-01,,84.18079096045197,86.66666666666667,4.245283018867925,18.39622641509434,69.96403256345923,65.53830357166623,,0.0
1992-10-01,,75.28089887640449,90.32258064516128,6.572769953051644,18.30985915492958,68.30282942530359,62.8808853289363,,0.0
1992-11-01,,74.30167597765363,46.875,10.74766355140187,16.355140186915886,51.801656803600196,47.70621540874875,,0.0
1992-12-01,,71.11111111111111,30.303030303030305,18.6046511627907,13.023255813953488,46.38096478896291,39.068975914472574,,0.0
1993-01-01,,65.19337016574586,29.411764705882355,17.59259259259259,5.555555555555555,42.313141183653215,37.74027831705901,,0.0
1993-02-01,,62.08791208791209,54.285714285714285,15.668202764976957,4.6082949308755765,48.305439902949914,46.13586207161178,,0.0
1993-03-01,,63.934426229508205,66.66666666666666,18.34862385321101,8.715596330275229,54.49971090697901,49.591190718396824,,0.0
1993-04-01,,65.21739130434783,64.86486486486487,17.80821917808219,14.15525114155251,54.69345739233151,47.909922944206066,,0.0
1993-05-01,,64.86486486486487,63.1578947368421,19.545454545454547,23.18181818181818,55.02612788635191,46.8076288422369,,0.0
1993-06-01,,62.365591397849464,35.8974358974359,22.624434389140273,25.339366515837103,45.623450768591766,38.393581391128066,,0.0
1993-07-01,,62.03208556149733,35.0,23.873873873873876,28.37837837837838,45.86908847542283,38.23952657361525,,0.0
1993-08-01,,62.23404255319149,19.51219512195122,23.766816143497756,26.00896860986547,42.75732701221524,34.81011373801584,,0.0
1993-09-01,,59.25925925925925,40.476190476190474,25.0,23.660714285714285,45.41296421619704,38.17042472469336,,0.0
1993-10-01,,62.63157894736842,34.883720930232556,24.88888888888889,20.444444444444446,45.17959267706034,38.89232615738025,,0.0
1993-11-01,,59.16230366492147,77.27272727272727,23.008849557522122,22.566371681415927,59.128420416510416,52.96375896946688,,0.0
1993-12-01,,56.25,35.55555555555556,22.46696035242291,20.704845814977972,41.94491426300381,36.78687312440833,,0.0
1994-01-01,,57.51295336787565,19.565217391304348,23.24561403508772,24.12280701754386,39.96728351053456,33.81672517752142,,0.0
1994-02-01,,61.34020618556701,46.808510638297875,27.074235807860266,28.82096069868996,49.12330541370586,43.681572286582,,0.0
1994-03-01,,60.0,41.66666666666667,27.391304347826086,20.0,46.07653462940793,40.02979665638477,,0.0
1994-04-01,,55.61224489795919,36.734693877551024,42.857142857142854,19.047619047619047,46.16396244270215,39.159413688901644,,0.0
1994-05-01,,52.28426395939086,14.000000000000002,62.5,7.327586206896551,47.74528382548236,40.25138827922211,,0.0
1994-06-01,,53.535353535353536,29.411764705882355,65.66523605150213,4.291845493562231,51.816811412356934,44.07418760166851,,0.0
1994-07-01,,53.768844221105525,28.846153846153843,62.39316239316239,4.700854700854701,50.44965962215291,43.31665927489808,,0.0
1994-08-01,,48.5,32.075471698113205,62.5531914893617,3.404255319148936,49.340191474799,42.485072334343016,,0.0
1994-09-01,,46.766169154228855,50.0,64.40677966101694,3.8135593220338984,54.300087978753524,48.17358629449383,,0.0
1994-10-01,,45.54455445544555,74.54545454545455,72.15189873417721,3.375527426160337,65.44238737979558,55.64046821269529,,0.0
1994-11-01,,44.33497536945813,57.14285714285714,88.23529411764706,2.941176470588235,65.83203563239118,53.61198069602699,,0.0
1994-12-01,,43.627450980392155,35.08771929824561,95.81589958158996,2.510460251046025,63.59421664891546,57.27830321584161,,0.0
1995-01-01,,43.90243902439025,31.03448275862069,94.58333333333333,3.3333333333333335,62.314205489637274,56.292584289497235,,0.0
1995-02-01,,43.203883495145625,33.89830508474576,92.91666666666667,4.166666666666666,61.98860937738124,56.315245808957414,,0.0
1995-03-01,,47.82608695652174,60.0,82.5,7.083333333333333,65.16674303588105,57.86628268146467,,0.0
1995-04-01,,57.692307692307686,59.01639344262295,75.0,12.083333333333334,64.48667447361767,57.76363421531925,,0.0
1995-05-01,,67.46411483253588,48.38709677419355,76.25,16.25,65.3740303568165,58.53599641061519,,0.0
1995-06-01,,71.42857142857143,58.730158730158735,77.91666666666667,27.500000000000004,70.0912723023113,61.50452558682128,,0.0
1995-07-01,,75.82938388625593,78.125,77.08333333333334,37.083333333333336,77.02359598709103,67.06747812050986,,0.0
1995-08-01,,75.47169811320755,56.92307692307692,74.16666666666667,38.333333333333336,69.94622245087672,60.19718040553565,,0.0
1995-09-01,,75.11737089201877,40.909090909090914,82.91666666666667,41.25,71.11521672363041,59.33683013894903,,0.0
1995-10-01,,75.70093457943925,91.04477611940298,82.91666666666667,54.58333333333333,83.87665599330295,73.07913351749228,,0.0
1995-11-01,,77.67441860465117,48.529411764705884,73.75,65.0,72.7085719328439,60.13862158924686,,0.0
1995-12-01,,78.70370370370371,44.927536231884055,68.33333333333333,77.91666666666667,75.34557167343227,60.026798282215374,,0.0
1996-01-01,,78.80184331797236,84.28571428571429,54.166666666666664,87.91666666666667,83.90226734226344,70.85938218890982,,0.0
1996-02-01,,78.44036697247707,81.69014084507043,31.25,78.33333333333333,79.51307470056206,67.41382216255762,,0.0
1996-03-01,,79.90867579908677,93.05555555555556,41.25,88.33333333333333,87.41722768684716,75.60614342940995,,0.0
1996-04-01,,75.9090909090909,50.68493150684932,50.416666666666664,78.33333333333333,71.52236423198894,56.311207710331054,,0.0
1996-05-01,,74.2081447963801,24.324324324324326,56.25,71.25,67.9335174692099,54.413349775015334,,0.0
1996-06-01,,65.76576576576578,29.333333333333332,50.83333333333333,60.83333333333333,59.765484936124246,49.428600898964696,,0.0
1996-07-01,,62.78026905829597,67.10526315789474,54.166666666666664,52.083333333333336,62.583325752736656,55.97874696661406,,0.0
1996-08-01,,54.46428571428571,38.961038961038966,54.58333333333333,57.91666666666667,55.73075951457201,48.29278021822205,,0.0
1996-09-01,,57.77777777777777,60.256410256410255,51.24999999999999,53.75,57.77244298214537,52.62405781970591,,0.0
1996-10-01,,59.29203539823009,49.36708860759494,44.583333333333336,56.25,55.697501369347485,49.31572819568983,,0.0
1996-11-01,,61.67400881057269,50.0,53.75,55.00000000000001,57.53944879365596,53.56606431559278,,0.0
1996-12-01,,64.03508771929825,93.82716049382715,49.166666666666664,80.41666666666667,81.57388436900244,75.61637297656168,,0.0
1997-01-01,,61.135371179039296,56.09756097560976,55.00000000000001,53.333333333333336,58.07182849209446,54.00571067519933,,0.0
1997-02-01,,55.65217391304348,56.62650602409639,53.333333333333336,72.5,63.906809987815905,53.3287552743569,,0.0
1997-03-01,,48.05194805194805,38.095238095238095,66.25,54.58333333333333,57.64997106042552,51.22580647533644,,0.0
1997-04-01,,44.827586206896555,42.35294117647059,82.08333333333333,91.66666666666666,77.89014104717717,64.91185423125111,,0.0
1997-05-01,,43.776824034334766,62.7906976744186,83.75,94.58333333333333,82.50582832892236,71.51674474504968,,0.0
1997-06-01,,47.008547008547005,77.01149425287356,83.75,86.25,82.55004842598652,68.93723607507992,,0.0
1997-07-01,,44.25531914893617,73.86363636363636,85.41666666666666,77.5,79.25599656015157,65.5958798525526,,0.0
1997-08-01,,47.45762711864407,92.13483146067416,82.91666666666667,79.58333333333333,85.24752856440321,75.13247025117818,,0.0
1997-09-01,,45.14767932489451,77.77777777777779,82.91666666666667,83.33333333333334,81.43034095066696,69.26886230310282,,0.0
1997-10-01,,40.7563025210084,76.92307692307693,85.83333333333333,87.5,83.66856229238569,72.45793845930801,,0.0
1997-11-01,,34.30962343096235,100.0,90.0,88.33333333333333,93.00303077675318,84.36070946368291,,0.0
1997-12-01,,33.75,77.41935483870968,90.83333333333333,83.75,84.29613406627112,75.32306148434512,,0.0
1998-01-01,,35.833333333333336,78.72340425531915,88.75,89.16666666666667,85.77893968427838,76.38164600134574,,0.0
1998-02-01,,37.5,73.68421052631578,87.91666666666667,97.5,87.31007957724218,78.74192176852084,,0.0
1998-03-01,,39.58333333333333,77.08333333333334,87.08333333333333,98.75,88.42860463567455,80.74134987927877,,0.0
1998-04-01,,32.5,89.69072164948454,88.75,83.75,87.45867932863827,77.581717693689,,0.0
1998-05-01,,33.33333333333333,45.91836734693878,85.41666666666666,81.66666666666667,74.54145156642822,62.175191370024265,,0.0
1998-06-01,,38.75,68.68686868686868,88.33333333333333,89.16666666666667,83.0511043392411,72.90733117415658,,0.0
1998-07-01,,44.583333333333336,60.0,84.58333333333333,98.75,84.12266510814342,76.61136189425517,,0.0
1998-08-01,,42.083333333333336,100.0,83.33333333333334,98.33333333333333,94.42014380704978,88.24945069683577,,0.0
1998-09-01,,35.833333333333336,100.0,78.33333333333333,99.16666666666667,93.36031523873221,87.59342541022157,,0.0
1998-10-01,,31.25,98.05825242718447,49.166666666666664,96.25,85.52601553296853,79.6805590347002,,0.0
1998-11-01,,30.833333333333336,94.23076923076923,58.75,95.83333333333334,85.49777807634031,77.73067984910521,,0.0
1998-12-01,,31.25,89.52380952380953,64.58333333333334,93.33333333333333,83.97907926492499,76.39206637421633,,0.0
1999-01-01,,35.833333333333336,88.67924528301887,80.0,95.0,88.25128357254903,79.20598775730515,,0.0
1999-02-01,,27.083333333333332,74.76635514018692,75.0,83.33333333333334,77.85577119689313,67.23393055191256,,0.0
1999-03-01,,19.583333333333332,38.88888888888889,66.66666666666666,76.66666666666667,63.479257358722464,51.69718520602589,,0.0
1999-04-01,,20.0,37.61467889908257,52.5,85.0,62.558726534668246,53.69780284620081,,0.0
1999-05-01,,19.583333333333332,71.81818181818181,51.24999999999999,79.58333333333333,68.95754807278958,62.3300860483025,,0.0
1999-06-01,,18.333333333333332,28.82882882882883,59.583333333333336,81.25,61.38454965517023,51.42277477974158,,0.0
1999-07-01,,14.583333333333334,37.5,66.66666666666666,59.166666666666664,56.20690241913097,47.963049332531824,,0.0
1999-08-01,,9.166666666666666,87.61061946902655,70.0,45.416666666666664,70.0429815027426,64.76812579777133,,0.0
1999-09-01,,7.083333333333333,83.33333333333334,68.75,54.58333333333333,69.96589780583037,62.52773825846851,,0.0
1999-10-01,,5.416666666666667,80.8695652173913,70.83333333333334,68.33333333333333,73.56007523488937,63.93789583515925,,0.0
1999-11-01,,5.416666666666667,52.58620689655172,85.0,49.583333333333336,64.49126189361073,55.538585836683595,,0.0
1999-12-01,,4.583333333333333,20.51282051282051,82.5,40.0,53.73619130945997,42.55749361864331,,0.0
2000-01-01,,5.0,12.711864406779661,81.25,50.83333333333333,55.155981259489195,42.52499673022914,,0.0
2000-02-01,,10.416666666666668,21.008403361344538,91.66666666666666,46.666666666666664,60.52720394726343,51.35042902121671,,0.0
2000-03-01,,10.0,83.33333333333334,92.5,44.583333333333336,76.56774576387103,71.78571290057323,,0.0
2000-04-01,,5.0,96.69421487603306,96.66666666666667,77.5,90.7609752161422,84.08108136261012,,0.0
2000-05-01,,6.666666666666667,93.44262295081968,95.83333333333334,72.08333333333333,87.81619161593913,80.35985230565531,,0.0
2000-06-01,,13.750000000000002,87.8048780487805,92.91666666666667,68.33333333333333,83.80994097564911,77.74264734772308,,0.0
2000-07-01,,24.583333333333332,50.806451612903224,87.5,87.91666666666667,78.09981907143997,67.94346110378504,,0.0
2000-08-01,,38.75,56.00000000000001,92.5,92.5,83.43147048993859,77.11828175006814,,0.0
2000-09-01,,40.416666666666664,85.71428571428571,86.25,87.08333333333333,86.35265983929075,76.80230313851207,,0.0
2000-10-01,,47.5,95.2755905511811,84.58333333333333,91.25,90.5940442651779,83.04861745834059,,0.0
2000-11-01,,53.333333333333336,85.15625,74.16666666666667,99.16666666666667,87.62686638479512,82.8700431524773,,0.0
2000-12-01,,70.83333333333334,87.59689922480621,74.58333333333333,100.0,89.89130473109233,87.87799419746553,,0.0
2001-01-01,,80.41666666666667,79.23076923076923,25.833333333333336,99.16666666666667,86.94608968314935,83.66163210911546,,0.0
2001-02-01,,84.16666666666667,72.51908396946564,17.083333333333332,100.0,86.4642662596222,84.55281040181362,,0.0
2001-03-01,,93.33333333333333,93.18181818181817,17.5,100.0,95.56972184381452,92.65467633372027,,0.0
2001-04-01,,98.75,74.43609022556392,14.166666666666666,99.58333333333333,91.78967176429762,87.97913402153017,,1.0
2001-05-01,,99.58333333333333,28.35820895522388,3.75,99.58333333333333,82.4491777711797,79.9737101316761,,1.0
2001-06-01,,100.0,13.333333333333334,2.9166666666666665,99.58333333333333,80.50564653001979,78.17344642625883,,1.0
2001-07-01,,100.0,29.411764705882355,10.416666666666668,99.16666666666667,83.0724434672579,82.0013550330236,,1.0
2001-08-01,,100.0,55.47445255474452,14.166666666666666,98.75,87.55347096833276,86.66346315856036,,1.0
2001-09-01,,100.0,100.0,2.5,100.0,100.0,97.94223980486926,,1.0
2001-10-01,,100.0,88.48920863309353,0.0,96.66666666666667,95.17466221460762,92.89699392798995,,1.0
2001-11-01,,100.0,62.857142857142854,0.0,98.33333333333333,88.68805270373828,89.34186547799162,,1.0
2001-12-01,,99.58333333333333,9.219858156028367,1.25,98.33333333333333,79.20231491887245,79.23160308674859,,0.0
2002-01-01,,98.75,2.112676056338028,4.583333333333333,97.91666666666666,78.26573655042768,77.80925103441938,,0.0
2002-02-01,,98.33333333333333,16.083916083916083,8.75,96.25,79.40490546592075,79.07335573583936,,0.0
2002-03-01,,97.5,11.805555555555555,15.0,94.16666666666667,78.43236197419007,77.0116558454742,,0.0
2002-04-01,,97.91666666666666,25.517241379310345,13.333333333333334,93.75,79.84247058303073,80.00600063874464,,0.0
2002-05-01,,97.08333333333333,14.383561643835616,14.583333333333334,93.75,78.3234063534693,78.15775029727051,,0.0
2002-06-01,,96.25,85.71428571428571,10.0,91.66666666666666,91.32454033864468,90.75054287362948,,0.0
2002-07-01,,95.0,95.27027027027027,7.083333333333333,88.33333333333333,92.92777854383257,90.06749859172783,,0.0
2002-08-01,,93.33333333333333,72.48322147651007,7.083333333333333,89.16666666666667,85.50846364584774,84.0702080607773,,0.0
2002-09-01,,93.75,91.33333333333333,19.583333333333332,81.25,88.98827061475077,85.04450707723335,,0.0
2002-10-01,,92.5,86.09271523178808,13.333333333333334,93.33333333333333,90.70957363417321,91.00429052517659,,0.0
2002-11-01,,91.66666666666666,56.57894736842105,8.333333333333332,89.16666666666667,80.85797066064086,80.98464186924153,,0.0
2002-12-01,,91.66666666666666,19.607843137254903,1.6666666666666667,82.08333333333333,71.15228936750991,68.63306222697587,,0.0
2003-01-01,,91.25,2.5974025974025974,1.6666666666666667,81.25,68.56016658364085,63.833170754758044,,0.0
2003-02-01,,91.25,31.61290322580645,2.083333333333333,86.25,74.4369470988641,76.02114019757981,,0.0
2003-03-01,,91.25,8.974358974358974,5.416666666666667,83.75,70.59150870422157,67.6762713354183,,0.0
2003-04-01,,91.66666666666666,1.2738853503184715,10.833333333333334,90.83333333333333,73.32375859683259,70.69717633202731,,0.0
2003-05-01,,92.5,1.2658227848101267,19.166666666666668,90.0,74.41471612907333,70.92466998148733,,0.0
2003-06-01,,92.5,3.1446540880503147,19.166666666666668,88.33333333333333,73.91504178614372,70.74823988619718,,0.0
2003-07-01,,89.58333333333334,0.0,6.666666666666667,87.91666666666667,70.7392003754461,69.32404367100504,,0.0
2003-08-01,,88.33333333333333,0.0,2.083333333333333,86.66666666666667,69.23514524479933,67.42156360642986,,0.0
2003-09-01,,86.66666666666667,0.0,1.6666666666666667,80.0,65.94030490544601,60.62883756286101,,0.0
2003-10-01,,85.0,0.6134969325153374,12.083333333333334,78.33333333333333,65.91804030429157,60.16090275794578,,0.0
2003-11-01,,77.91666666666667,0.6097560975609756,25.0,70.83333333333334,62.10436745524257,56.27933806255176,,0.0
2003-12-01,,72.91666666666666,1.2121212121212122,24.583333333333332,69.58333333333333,59.594446926694175,55.26411374335943,,0.0
2004-01-01,,72.5,3.0120481927710845,23.333333333333332,71.66666666666667,60.13345964112714,56.2164203908073,,0.0
2004-02-01,,70.83333333333334,0.5988023952095809,25.0,56.25,53.926018513603225,47.28648534624865,,0.0
2004-03-01,,68.75,14.880952380952381,27.916666666666668,51.24999999999999,52.69989721585752,49.315079662691645,,0.0
2004-04-01,,65.41666666666667,3.5502958579881656,22.916666666666664,55.41666666666667,51.1538944092332,45.85421293773791,,0.0
2004-05-01,,56.25,12.941176470588237,20.416666666666668,41.25,42.58443017208744,43.94880041241625,,0.0
2004-06-01,,55.00000000000001,1.1695906432748537,27.916666666666668,59.583333333333336,49.444050401057716,47.67543911230757,,0.0
2004-07-01,,54.58333333333333,12.790697674418606,31.666666666666664,53.333333333333336,48.03375890407418,47.55462309986977,,0.0
2004-08-01,,54.58333333333333,22.54335260115607,35.0,57.91666666666667,50.868458730211536,52.9669422163585,,0.0
2004-09-01,,50.0,14.942528735632186,37.916666666666664,43.75,44.29783802928835,46.44252677399876,,0.0
2004-10-01,,50.0,20.0,35.41666666666667,39.58333333333333,42.474484955637934,45.29575495711814,,0.0
2004-11-01,,47.91666666666667,7.954545454545454,38.75,40.833333333333336,42.719998849958486,44.562997983217166,,0.0
2004-12-01,,46.666666666666664,5.649717514124294,49.166666666666664,33.75,43.78375846604678,42.86221397867258,,0.0
2005-01-01,,46.666666666666664,8.426966292134832,66.66666666666666,41.25,52.83461749414572,48.49988932848575,,0.0
2005-02-01,,45.0,0.0,72.91666666666666,32.083333333333336,52.627735442875434,46.781367184414826,,0.0
2005-03-01,,40.416666666666664,8.88888888888889,70.41666666666667,37.5,51.88056199837844,48.57581009333022,,0.0
2005-04-01,,39.166666666666664,23.204419889502763,66.25,25.833333333333336,48.46607731627045,44.307827949849994,,0.0
2005-05-01,,42.083333333333336,30.76923076923077,76.66666666666667,30.0,55.82947180571895,52.98185264172365,,0.0
2005-06-01,,38.333333333333336,33.33333333333333,86.25,8.333333333333332,57.83952080388177,54.13477408309728,,0.0
2005-07-01,,38.333333333333336,22.82608695652174,80.41666666666667,14.583333333333334,53.68438602763644,49.4930845034084,,0.0
2005-08-01,,36.25,22.702702702702705,76.25,20.0,51.78004384998545,47.60792931623938,,0.0
2005-09-01,,50.0,20.43010752688172,53.75,39.166666666666664,48.30851512168392,51.01282160353749,,0.0
2005-10-01,,55.41666666666667,40.106951871657756,64.58333333333334,41.25,56.22699688340375,59.34927625640677,,0.0
2005-11-01,,55.833333333333336,30.319148936170215,77.91666666666667,33.75,60.49855405184358,57.98261254202822,,0.0
2005-12-01,,40.0,25.396825396825395,82.08333333333333,45.416666666666664,60.2763487950391,60.146888099917966,,0.0
2006-01-01,,21.666666666666668,25.789473684210527,76.25,24.583333333333332,50.1602195743989,47.1548386853388,,0.0
2006-02-01,,19.166666666666668,15.706806282722512,87.91666666666667,44.166666666666664,58.386162769611886,53.651456665388096,,0.0
2006-03-01,,17.916666666666668,14.0625,80.41666666666667,42.5,53.981938028303,49.87826120621353,,0.0
2006-04-01,,20.833333333333336,17.098445595854923,74.58333333333333,50.83333333333333,54.384581454339326,51.24236332409868,,0.0
2006-05-01,,32.916666666666664,35.051546391752574,66.25,44.583333333333336,52.318105591553326,49.76565020187636,,0.0
2006-06-01,,36.25,43.07692307692308,74.16666666666667,69.16666666666667,65.06368358375693,66.67956920151315,,0.0
2006-07-01,,42.916666666666664,26.53061224489796,82.5,69.58333333333333,68.04773268080858,68.51931032834742,,0.0
2006-08-01,,41.25,27.411167512690355,86.66666666666667,59.583333333333336,66.5324682577031,63.54869229860118,,0.0
2006-09-01,,36.666666666666664,26.767676767676768,96.66666666666667,53.75,68.90456879936714,70.02439418039934,,0.0
2006-10-01,,33.75,23.618090452261306,97.91666666666666,63.33333333333333,71.35580512515887,73.47886900423353,,0.0
2006-11-01,,41.25,14.000000000000002,96.66666666666667,74.16666666666667,74.69655657917033,76.4398954944029,,0.0
2006-12-01,,43.333333333333336,20.398009950248756,90.41666666666667,65.41666666666667,69.8806339882505,70.50415583120407,,0.0
2007-01-01,,51.66666666666667,14.356435643564355,93.33333333333333,82.08333333333333,78.04007681231627,79.55132952204974,,0.0
2007-02-01,,47.083333333333336,17.24137931034483,87.08333333333333,73.33333333333333,71.59156182739972,73.18364221779318,,0.0
2007-03-01,,43.75,60.78431372549019,73.75,72.5,69.6537767600079,74.96549119176431,,0.0
2007-04-01,,46.666666666666664,37.073170731707314,72.08333333333333,78.75,68.61669106538598,71.71688665530982,,0.0
2007-05-01,,40.416666666666664,34.46601941747573,71.25,68.75,63.21144003683661,66.40124895033397,,0.0
2007-06-01,,46.25,33.81642512077295,68.33333333333333,77.91666666666667,66.65499923886827,69.77776753291691,,0.0
2007-07-01,,44.583333333333336,44.230769230769226,70.41666666666667,74.58333333333333,66.60805645702021,71.20544127739747,,0.0
2007-08-01,,50.83333333333333,95.21531100478468,60.416666666666664,80.41666666666667,81.6857667767172,84.3973330943856,,0.0
2007-09-01,,55.00000000000001,84.28571428571429,46.25,68.75,71.88507453356056,77.39679806507284,,0.0
2007-10-01,30.0,60.83333333333333,71.56398104265402,39.166666666666664,60.83333333333333,61.090320595954225,66.0226137237759,13.73873873873874,0.0
2007-11-01,100.0,62.916666666666664,94.33962264150944,31.666666666666664,50.416666666666664,82.38690671810689,79.69957899074967,13.73873873873874,0.0
2007-12-01,66.66666666666666,70.0,89.67136150234741,30.833333333333336,68.75,75.84291810406712,77.7463473377963,13.73873873873874,0.0
2008-01-01,61.53846153846154,69.16666666666667,96.26168224299066,22.083333333333332,63.33333333333333,75.75124546690037,74.597587613504,13.73873873873874,1.0
2008-02-01,35.714285714285715,70.83333333333334,91.62790697674419,5.0,83.33333333333334,75.3996374198685,76.54526734935426,13.73873873873874,1.0
2008-03-01,66.66666666666666,73.75,94.9074074074074,4.583333333333333,88.75,83.73383216294248,84.93332714461144,13.73873873873874,1.0
2008-04-01,56.25,75.0,87.09677419354838,12.916666666666668,90.0,80.06350560432405,83.34773257111027,13.73873873873874,1.0
2008-05-01,94.11764705882352,82.08333333333333,53.669724770642205,30.0,91.66666666666666,84.14428549414139,85.12334048126714,13.73873873873874,1.0
2008-06-01,100.0,84.58333333333333,72.6027397260274,30.833333333333336,87.08333333333333,88.29478618228892,91.09127563537483,13.73873873873874,1.0
2008-07-01,100.0,86.25,82.72727272727273,14.583333333333334,91.66666666666666,92.2559424491138,93.09187129174863,13.73873873873874,1.0
2008-08-01,40.0,90.0,76.01809954751131,12.5,92.08333333333333,79.47628646645606,80.53798531751075,13.73873873873874,1.0
2008-09-01,0.0,94.16666666666667,99.09909909909909,8.75,97.08333333333333,85.18918427788313,86.24100180970923,13.73873873873874,1.0
2008-10-01,0.0,95.83333333333334,100.0,0.8333333333333334,99.58333333333333,86.11627765433835,86.79291086981178,13.73873873873874,1.0
2008-11-01,0.0,98.33333333333333,99.55357142857143,8.333333333333332,100.0,87.33958798188033,87.32034255718267,13.73873873873874,1.0
2008-12-01,4.166666666666666,98.75,98.22222222222223,37.916666666666664,100.0,89.9787511099311,88.73485405930536,13.73873873873874,1.0
2009-01-01,12.0,99.16666666666667,91.1504424778761,44.166666666666664,99.58333333333333,88.9007858880907,87.88049730346388,13.73873873873874,1.0
2009-02-01,15.384615384615385,100.0,75.77092511013215,45.0,99.16666666666667,85.34822990943368,84.58202405816357,13.73873873873874,1.0
2009-03-01,14.814814814814813,100.0,71.9298245614035,38.333333333333336,99.16666666666667,83.67366789471504,83.96501106044661,13.73873873873874,1.0
2009-04-01,21.428571428571427,100.0,72.92576419213974,40.0,97.91666666666666,83.92600019193398,84.81857177149556,13.73873873873874,1.0
2009-05-01,24.137931034482758,98.75,44.34782608695652,39.58333333333333,97.5,78.27789359038556,78.84633792346713,13.73873873873874,1.0
2009-06-01,26.666666666666668,97.08333333333333,0.0,38.333333333333336,96.66666666666667,73.48686544661959,71.6803062738575,13.73873873873874,1.0
2009-07-01,22.58064516129032,95.83333333333334,0.0,45.0,95.83333333333334,73.44388779417608,72.05952186061947,13.73873873873874,0.0
2009-08-01,28.125,94.16666666666667,0.4291845493562232,49.166666666666664,92.08333333333333,73.1336949826667,72.69001887163702,13.73873873873874,0.0
2009-09-01,30.303030303030305,92.08333333333333,12.82051282051282,52.083333333333336,87.91666666666667,72.46303636201498,73.35159421731566,13.73873873873874,0.0
2009-10-01,35.294117647058826,90.41666666666667,17.872340425531917,47.5,84.16666666666667,70.718511875603,73.74547530205811,13.73873873873874,0.0
2009-11-01,42.857142857142854,88.75,30.508474576271187,34.583333333333336,71.66666666666667,66.35224349341185,73.43618113209652,13.73873873873874,0.0
2009-12-01,47.22222222222222,83.33333333333334,26.582278481012654,21.666666666666668,26.666666666666668,53.88552855300043,67.13716720524162,13.73873873873874,0.0
2010-01-01,45.94594594594595,79.16666666666666,18.907563025210084,21.25,12.083333333333334,49.26065061370487,64.9687247287531,13.73873873873874,0.0
2010-02-01,42.10526315789473,76.66666666666667,28.870292887029287,34.583333333333336,10.833333333333334,50.71329089241541,59.63608024691184,13.73873873873874,0.0
2010-03-01,38.46153846153847,72.08333333333333,18.333333333333332,36.666666666666664,1.6666666666666667,46.59214252889231,51.731769464371524,13.73873873873874,0.0
2010-04-01,37.5,66.66666666666666,22.083333333333332,38.333333333333336,1.6666666666666667,45.19460594206066,52.90861814206178,13.73873873873874,0.0
2010-05-01,34.146341463414636,60.416666666666664,87.5,45.0,1.25,61.61877756623982,65.90694426602573,13.73873873873874,0.0
2010-06-01,33.33333333333333,55.41666666666667,52.916666666666664,51.24999999999999,4.166666666666666,50.19235464418759,57.22107346823296,13.73873873873874,0.0
2010-07-01,27.906976744186046,54.58333333333333,54.166666666666664,52.5,5.416666666666667,49.82910321274701,57.08506437516989,13.73873873873874,0.0
2010-08-01,27.27272727272727,54.58333333333333,41.25,53.333333333333336,10.416666666666668,46.707359421209816,53.270230999855116,13.73873873873874,0.0
2010-09-01,26.666666666666668,52.083333333333336,32.5,52.5,7.5,43.69464869060194,47.10837699858969,13.73873873873874,0.0
2010-10-01,30.434782608695656,44.583333333333336,39.166666666666664,52.083333333333336,9.583333333333334,43.33938109801098,50.207158819338936,13.73873873873874,0.0
2010-11-01,34.04255319148936,40.416666666666664,38.333333333333336,46.25,10.416666666666668,40.81161104746974,48.732616545024776,13.73873873873874,0.0
2010-12-01,41.66666666666667,29.166666666666668,23.75,35.833333333333336,11.25,34.183383784207905,43.59667202540382,13.73873873873874,0.0
2011-01-01,53.06122448979592,24.583333333333332,13.333333333333334,33.75,16.666666666666664,36.24747354785957,45.39747530137248,13.73873873873874,0.0
2011-02-01,57.99999999999999,17.5,11.25,32.5,17.5,36.768067742376886,48.495470731838125,13.73873873873874,0.0
2011-03-01,64.70588235294117,13.750000000000002,40.0,35.0,24.583333333333332,45.178832912396004,60.998447941913355,13.73873873873874,0.0
2011-04-01,75.0,13.333333333333334,25.833333333333336,33.75,29.166666666666668,47.111201833905156,61.3883751681216,13.73873873873874,0.0
2011-05-01,69.81132075471697,22.083333333333332,32.5,33.75,31.25,47.095431364193075,62.225935239104146,13.73873873873874,0.0
2011-06-01,62.96296296296296,27.083333333333332,44.583333333333336,32.5,32.083333333333336,47.06211740344497,61.18934254878759,13.73873873873874,0.0
2011-07-01,67.27272727272727,22.916666666666664,38.333333333333336,32.083333333333336,49.166666666666664,50.49130368611228,62.176507435619726,13.73873873873874,0.0
2011-08-01,62.5,19.166666666666668,91.66666666666666,41.25,57.49999999999999,67.82919190740091,73.74263503799132,13.73873873873874,0.0
2011-09-01,56.14035087719298,18.333333333333332,73.33333333333333,47.5,57.08333333333333,60.60293741767058,65.12592059813339,13.73873873873874,0.0
2011-10-01,60.3448275862069,17.916666666666668,65.0,46.666666666666664,55.00000000000001,58.31409044460692,62.211531536499756,13.73873873873874,0.0
2011-11-01,64.40677966101694,9.166666666666666,50.0,40.833333333333336,61.25000000000001,56.21904114428532,58.91615724243103,13.73873873873874,0.0
2011-12-01,58.333333333333336,8.333333333333332,44.166666666666664,37.916666666666664,66.66666666666666,54.331018280319824,56.28530912804756,13.73873873873874,0.0
2012-01-01,63.934426229508205,7.5,43.75,42.916666666666664,66.66666666666666,56.78597276519494,57.06127135197607,13.73873873873874,0.0
2012-02-01,69.35483870967742,7.083333333333333,40.833333333333336,42.916666666666664,60.416666666666664,56.07489829618186,59.72914225291522,13.73873873873874,0.0
2012-03-01,82.53968253968253,6.25,27.916666666666668,38.75,66.25,59.529846790427676,60.77165422801758,13.73873873873874,0.0
2012-04-01,67.1875,7.916666666666666,40.833333333333336,44.583333333333336,63.33333333333333,56.55228595463838,59.92663292111787,13.73873873873874,0.0
2012-05-01,52.307692307692314,9.583333333333334,59.583333333333336,53.333333333333336,59.583333333333336,57.44021262793698,62.17159594443158,13.73873873873874,0.0
2012-06-01,48.484848484848484,10.416666666666668,56.25,63.33333333333333,66.66666666666666,60.374498838022284,59.94862075246859,13.73873873873874,0.0
2012-07-01,44.776119402985074,10.416666666666668,47.5,66.25,51.66666666666667,54.41284115433737,54.13944386262814,13.73873873873874,0.0
2012-08-01,50.0,10.0,35.833333333333336,51.66666666666667,43.75,46.736099745400644,51.13053295285311,13.73873873873874,0.0
2012-09-01,69.56521739130434,10.0,24.583333333333332,45.0,46.25,50.45842800827733,60.56091869135427,13.73873873873874,0.0
2012-10-01,81.42857142857143,11.666666666666666,22.916666666666664,43.333333333333336,51.66666666666667,55.74378597340113,63.86706668978273,45.04504504504504,0.0
2012-11-01,57.74647887323944,17.083333333333332,23.75,50.416666666666664,50.83333333333333,49.08337670704799,60.987297453750585,49.0990990990991,0.0
2012-12-01,61.111111111111114,16.25,31.25,49.583333333333336,59.583333333333336,53.232982118260296,63.16439280035331,58.108108108108105,0.0
2013-01-01,65.75342465753424,18.333333333333332,30.416666666666664,43.333333333333336,54.58333333333333,51.89629944534923,66.3732139332006,52.25225225225225,0.0
2013-02-01,83.78378378378379,8.75,35.0,36.666666666666664,50.416666666666664,56.60614120767954,64.2658355590959,43.24324324324324,0.0
2013-03-01,65.33333333333333,8.75,30.0,42.916666666666664,51.66666666666667,50.52280383058718,64.34573664917728,44.5945945945946,0.0
2013-04-01,44.73684210526316,9.166666666666666,40.0,53.75,52.083333333333336,48.98958783750251,59.72919379730857,53.153153153153156,0.0
2013-05-01,38.961038961038966,8.333333333333332,27.916666666666668,49.583333333333336,47.083333333333336,42.79317649347253,52.1928374600896,40.54054054054054,0.0
2013-06-01,35.8974358974359,8.333333333333332,56.25,37.5,41.66666666666667,44.62522505308583,49.32837729389631,41.891891891891895,0.0
2013-07-01,39.24050632911392,7.5,24.583333333333332,24.583333333333332,41.66666666666667,34.386570515046245,42.36481904180467,31.98198198198198,0.0
2013-08-01,38.75,6.25,22.916666666666664,26.25,42.083333333333336,34.37853226283099,41.99170576165318,31.53153153153153,0.0
2013-09-01,34.5679012345679,5.416666666666667,21.25,32.083333333333336,39.58333333333333,33.37857161144567,39.321309630237,31.08108108108108,0.0
2013-10-01,31.70731707317073,7.5,30.0,46.666666666666664,43.75,39.66059420508683,44.008027516813314,40.090090090090094,0.0
2013-11-01,36.144578313253014,6.25,22.916666666666664,41.66666666666667,39.58333333333333,36.71823616613078,41.3120876064951,34.68468468468468,0.0
2013-12-01,32.142857142857146,10.416666666666668,22.5,35.0,35.41666666666667,32.43670822491761,37.470594432323125,32.432432432432435,0.0
2014-01-01,34.11764705882353,5.416666666666667,12.5,34.583333333333336,44.583333333333336,34.496047120991875,42.55631231284197,33.78378378378378,0.0
2014-02-01,29.069767441860467,9.166666666666666,21.25,45.0,47.5,38.46696938321496,46.82440477094141,39.63963963963964,0.0
2014-03-01,39.08045977011494,7.083333333333333,19.583333333333332,45.83333333333333,36.25,37.49133196882245,40.2724316131515,34.234234234234236,0.0
2014-04-01,46.590909090909086,5.0,19.166666666666668,40.0,31.25,36.717185999828224,38.17408950188711,29.27927927927928,0.0
2014-05-01,56.17977528089888,5.0,16.25,41.25,33.33333333333333,40.51544224808486,46.43664402366937,30.180180180180184,0.0
2014-06-01,58.88888888888889,4.583333333333333,16.666666666666664,42.916666666666664,32.5,41.79190597188925,47.7118600118579,30.630630630630627,0.0
2014-07-01,53.84615384615385,4.583333333333333,30.416666666666664,47.5,32.916666666666664,43.389876690606826,48.60916624897372,36.03603603603604,0.0
2014-08-01,43.47826086956522,4.166666666666666,39.166666666666664,50.416666666666664,27.500000000000004,42.003653985454896,41.53338823040377,35.585585585585584,0.0
2014-09-01,36.55913978494624,2.5,30.833333333333336,49.583333333333336,27.916666666666668,38.0897305326927,35.69467417286564,33.33333333333333,0.0
2014-10-01,25.53191489361702,1.6666666666666667,67.08333333333333,52.083333333333336,20.0,46.34024261722783,48.36432455788054,37.38738738738739,0.0
2014-11-01,23.157894736842106,2.9166666666666665,40.416666666666664,55.41666666666667,20.416666666666668,38.511345242248176,36.69198740260667,32.88288288288289,0.0
2014-12-01,19.791666666666664,2.083333333333333,61.25000000000001,67.5,30.833333333333336,50.14160336427572,49.99178341592988,45.94594594594595,0.0
2015-01-01,14.432989690721648,3.75,62.083333333333336,87.91666666666667,32.083333333333336,57.39914757677077,54.555456383383756,57.65765765765766,0.0
2015-02-01,22.448979591836736,3.75,42.5,80.41666666666667,47.91666666666667,53.81733074852545,51.64079598121472,58.55855855855856,0.0
2015-03-01,25.252525252525253,5.0,34.583333333333336,69.16666666666667,44.583333333333336,47.580499105580465,48.90187490703503,48.64864864864865,0.0
2015-04-01,28.000000000000004,7.916666666666666,34.166666666666664,67.08333333333333,52.5,49.32348654906217,50.79232013269862,56.30630630630631,0.0
2015-05-01,31.683168316831683,5.416666666666667,41.66666666666667,58.75,47.5,47.09929541134022,50.901115023675175,50.0,0.0
2015-06-01,32.35294117647059,5.0,48.75,56.25,49.166666666666664,48.59271060148215,54.74219914779821,51.80180180180181,0.0
2015-07-01,26.21359223300971,2.9166666666666665,48.333333333333336,57.49999999999999,39.58333333333333,45.549917601586976,51.88878266623226,42.792792792792795,0.0
2015-08-01,22.115384615384613,4.166666666666666,74.16666666666667,69.58333333333333,44.583333333333336,57.974461864355874,62.264458838473416,60.36036036036037,0.0
2015-09-01,20.952380952380953,7.083333333333333,76.25,75.83333333333333,52.083333333333336,62.21826376163424,65.2662881109194,67.56756756756756,0.0
2015-10-01,22.641509433962266,7.916666666666666,57.08333333333333,75.83333333333333,55.41666666666667,57.6365605107975,58.92123325934734,64.86486486486487,0.0
2015-11-01,27.102803738317753,8.333333333333332,48.333333333333336,68.75,66.25,56.70506750702729,56.19211044917115,66.21621621621621,0.0
2015-12-01,28.703703703703702,10.0,57.49999999999999,73.33333333333333,61.25000000000001,59.16452466878793,58.9806509834942,68.91891891891892,0.0
2016-01-01,34.862385321100916,11.666666666666666,76.25,70.41666666666667,57.49999999999999,63.51039973841055,65.50161272547007,70.27027027027027,0.0
2016-02-01,27.27272727272727,13.333333333333334,66.66666666666666,80.0,40.416666666666664,59.30159648392098,61.16827896416824,63.06306306306306,0.0
2016-03-01,48.64864864864865,13.750000000000002,48.333333333333336,79.16666666666666,64.58333333333334,63.0876249319839,58.146446451386936,71.17117117117117,0.0
2016-04-01,53.57142857142857,12.916666666666668,27.916666666666668,70.83333333333334,62.083333333333336,57.59063493323116,53.03398017626192,62.16216216216216,0.0
2016-05-01,59.29203539823009,12.916666666666668,16.666666666666664,70.0,67.5,59.34465974668567,52.644541772405596,61.711711711711715,0.0
2016-06-01,53.50877192982456,15.833333333333332,49.583333333333336,75.41666666666667,57.08333333333333,61.112196010512335,56.1934930450891,68.01801801801803,0.0
2016-07-01,47.82608695652174,15.416666666666668,31.666666666666664,82.5,67.08333333333333,62.31232228300949,54.715580031233486,69.36936936936937,0.0
2016-08-01,49.137931034482754,16.25,34.583333333333336,79.16666666666666,68.75,62.27316627289256,54.799933951102105,70.72072072072072,0.0
2016-09-01,58.119658119658126,15.416666666666668,48.333333333333336,67.5,60.0,60.09304393868629,54.952276957346825,65.76576576576578,0.0
2016-10-01,66.10169491525424,16.25,41.66666666666667,62.916666666666664,54.166666666666664,58.33263640315096,54.01217975314143,60.810810810810814,0.0
2016-11-01,75.63025210084034,12.916666666666668,43.333333333333336,56.25,53.333333333333336,59.78218893797787,55.50941003339037,59.009009009009006,0.0
2016-12-01,92.5,15.416666666666668,18.75,52.083333333333336,34.166666666666664,58.31312084867434,54.05410079587679,39.189189189189186,0.0
2017-01-01,96.69421487603306,15.833333333333332,17.5,52.916666666666664,25.833333333333336,58.815399423712904,55.167197185343895,35.13513513513514,0.0
2017-02-01,97.54098360655738,12.5,18.333333333333332,55.833333333333336,27.916666666666668,59.93193484405635,56.604792648479744,36.93693693693694,0.0
2017-03-01,91.05691056910568,8.75,30.0,65.83333333333333,22.5,60.56758839606762,54.766789021971555,38.288288288288285,0.0
2017-04-01,81.45161290322581,5.833333333333333,47.91666666666667,78.33333333333333,18.333333333333332,63.48367194049243,52.33785102826656,41.44144144144144,0.0
2017-05-01,71.2,11.666666666666666,34.166666666666664,89.58333333333334,19.166666666666668,62.05678542035858,50.810969963753095,46.3963963963964,0.0
2017-06-01,58.730158730158735,14.583333333333334,34.166666666666664,96.66666666666667,19.583333333333332,61.60237489649063,49.97696597442348,50.9009009009009,0.0
2017-07-01,59.055118110236215,21.666666666666668,22.083333333333332,93.33333333333333,20.416666666666668,59.500048807938455,47.611535801216206,48.1981981981982,0.0
2017-08-01,58.59375,22.916666666666664,42.5,92.5,18.75,62.058271473853246,48.9927047696333,55.85585585585585,0.0
2017-09-01,66.66666666666666,28.749999999999996,31.666666666666664,88.33333333333333,11.666666666666666,61.02777159944519,44.95505142811609,47.2972972972973,0.0
2017-10-01,74.61538461538461,26.666666666666668,27.083333333333332,92.91666666666667,9.583333333333334,63.987494778352286,47.22613681423805,45.4954954954955,0.0
2017-11-01,79.38931297709924,31.25,28.333333333333332,95.41666666666667,7.916666666666666,67.01277879150621,46.901920961940014,47.74774774774775,0.0
2017-12-01,85.60606060606061,25.0,22.916666666666664,97.91666666666666,9.166666666666666,68.38820704586587,49.41008862622863,44.14414414414414,0.0
2018-01-01,94.73684210526315,24.166666666666668,28.333333333333332,98.33333333333333,9.583333333333334,72.09977998845017,57.19406129371745,46.846846846846844,0.0
2018-02-01,96.26865671641791,22.5,81.25,89.16666666666667,7.916666666666666,79.93703199806247,69.61302078546397,59.45945945945946,0.0
2018-03-01,98.51851851851852,21.25,51.66666666666667,90.83333333333333,7.916666666666666,74.25501578179092,59.51421286376035,49.549549549549546,0.0
2018-04-01,98.52941176470588,21.25,60.416666666666664,94.58333333333333,7.916666666666666,77.20780159773426,64.02159420922574,54.5045045045045,0.0
2018-05-01,98.54014598540147,21.25,58.333333333333336,94.16666666666667,7.083333333333333,76.59926941408378,63.55556749486732,52.702702702702695,0.0
2018-06-01,97.82608695652173,24.166666666666668,57.08333333333333,94.58333333333333,8.75,76.61275482000156,63.122798417303,55.4054054054054,0.0
2018-07-01,97.84172661870504,22.916666666666664,57.91666666666667,95.41666666666667,7.083333333333333,76.8431844859565,62.634632647479826,54.054054054054056,0.0
2018-08-01,95.71428571428572,21.25,50.83333333333333,97.08333333333333,6.25,75.0808245698463,58.850596214673864,50.45045045045045,0.0
2018-09-01,96.45390070921985,18.75,50.83333333333333,99.16666666666667,11.25,76.07867276307749,61.16404902000504,53.6036036036036,0.0
2018-10-01,94.36619718309859,25.416666666666664,85.83333333333333,97.08333333333333,10.0,83.28737817885911,69.72439576315392,63.51351351351351,0.0
2018-11-01,93.00699300699301,31.666666666666664,72.5,99.16666666666667,12.083333333333334,80.82946436774101,61.240851298625316,64.41441441441441,0.0
2018-12-01,77.77777777777779,40.833333333333336,92.91666666666667,99.58333333333333,20.833333333333336,83.46170351414605,68.14061996008742,77.47747747747748,0.0
2019-01-01,64.13793103448275,43.75,83.75,100.0,25.833333333333336,78.39299352637349,65.32775698355822,79.27927927927928,0.0
2019-02-01,82.87671232876713,44.166666666666664,72.5,99.58333333333333,33.75,80.19980471772342,63.30822029029212,80.63063063063063,0.0
2019-03-01,87.07482993197279,44.166666666666664,65.83333333333333,98.75,27.916666666666668,79.40252158605912,59.28775856788057,74.77477477477478,0.0
2019-04-01,87.83783783783784,42.083333333333336,49.166666666666664,97.5,40.833333333333336,77.00788236712853,60.9171903961701,76.12612612612612,0.0
2019-05-01,64.42953020134227,44.583333333333336,80.0,97.5,45.0,77.73151687099917,63.68731623706849,87.83783783783784,0.0
2019-06-01,41.333333333333336,46.25,73.75,96.66666666666667,54.166666666666664,73.82257197972426,56.9110254347661,91.8918918918919,0.0
2019-07-01,49.00662251655629,49.166666666666664,62.916666666666664,95.83333333333334,68.75,74.73768186012849,57.664905011955405,94.5945945945946,0.0
2019-08-01,26.973684210526315,48.75,88.33333333333333,95.41666666666667,68.75,79.76844324326483,66.83088142331833,98.1981981981982,0.0
2019-09-01,28.104575163398692,47.083333333333336,57.49999999999999,95.0,76.66666666666667,73.83575622938386,57.3187346915806,96.3963963963964,0.0
2019-10-01,30.519480519480517,51.24999999999999,70.0,75.41666666666667,84.16666666666667,72.99899357746217,58.963476085420616,97.2972972972973,0.0
2019-11-01,53.5483870967742,56.25,45.83333333333333,53.75,84.16666666666667,66.08847249995861,55.910640575664196,89.1891891891892,0.0
2019-12-01,67.3076923076923,63.33333333333333,51.66666666666667,44.583333333333336,75.41666666666667,66.6271692883694,54.1425941233246,83.78378378378379,0.0
2020-01-01,81.52866242038218,64.16666666666667,35.833333333333336,40.0,76.25,69.94788044049989,55.820723019691826,79.72972972972973,0.0
2020-02-01,65.18987341772153,63.33333333333333,86.66666666666667,53.75,75.0,75.0483511354895,64.65184086715892,95.04504504504504,0.0
2020-03-01,2.515723270440252,96.66666666666667,100.0,26.25,99.16666666666667,88.37316139620197,88.33381286608162,99.09909909909909,1.0
2020-04-01,2.5,100.0,98.75,28.333333333333332,100.0,89.4160756426861,89.24397676056472,100.0,1.0
2020-05-01,2.484472049689441,99.58333333333333,97.08333333333333,28.749999999999996,99.58333333333333,88.73798595769493,87.988643913414,99.54954954954955,0.0
2020-06-01,5.555555555555555,99.16666666666667,72.08333333333333,30.416666666666664,96.66666666666667,81.48530300606728,75.83850005086212,98.64864864864865,0.0
2020-07-01,12.883435582822086,98.75,39.58333333333333,31.25,94.16666666666667,74.72884190159175,73.70138986378245,93.69369369369369,0.0
2020-08-01,34.756097560975604,97.08333333333333,32.916666666666664,32.5,93.33333333333333,75.06557133576273,75.43625611942372,93.24324324324324,0.0
2020-09-01,32.72727272727273,93.75,80.0,32.916666666666664,88.33333333333333,80.68106764943936,82.90811738073549,97.74774774774775,0.0
2020-10-01,27.710843373493976,89.16666666666667,81.66666666666667,32.083333333333336,87.08333333333333,78.97922019077949,81.81016720943595,95.94594594594594,0.0
2020-11-01,37.72455089820359,87.91666666666667,72.08333333333333,40.416666666666664,87.91666666666667,77.58237767680723,78.68064966421598,96.84684684684684,0.0
2020-12-01,62.5,87.08333333333333,22.083333333333332,31.25,85.0,72.58289929927604,81.81183490849581,86.03603603603604,0.0
2021-01-01,84.61538461538461,85.83333333333333,47.5,28.333333333333332,80.41666666666667,78.34594888377762,87.23913396420083,91.44144144144144,0.0
2021-02-01,94.11764705882352,85.0,33.75,19.166666666666668,85.83333333333333,80.80168224507968,87.68850854196656,85.58558558558559,0.0
2021-03-01,100.0,80.41666666666667,45.416666666666664,8.75,2.083333333333333,68.85105051657045,73.26688573000926,38.73873873873874,0.0
2021-04-01,100.0,40.833333333333336,12.916666666666668,3.75,0.0,52.247008653190356,51.15973721175675,27.47747747747748,0.0
2021-05-01,100.0,45.416666666666664,29.166666666666668,1.6666666666666667,0.4166666666666667,55.75712035701943,54.92257068684668,27.927927927927925,0.0
2021-06-01,99.42528735632183,57.91666666666667,12.5,8.333333333333332,4.166666666666666,57.1339811056213,57.49348624501255,28.37837837837838,0.0
2021-07-01,98.85714285714286,52.916666666666664,36.25,13.333333333333334,14.583333333333334,60.779578160243304,59.499800121627246,36.486486486486484,0.0
2021-08-01,97.72727272727273,56.666666666666664,28.333333333333332,17.916666666666668,18.333333333333332,60.80908434802077,61.68564327683685,37.83783783783784,0.0
2021-09-01,97.17514124293785,56.25,52.083333333333336,12.5,24.166666666666668,64.886210115832,65.1401131674192,43.69369369369369,0.0
2021-10-01,99.43820224719101,55.00000000000001,16.25,4.166666666666666,18.75,58.16540281114939,58.28910211341803,29.72972972972973,0.0
2021-11-01,100.0,45.0,19.166666666666668,5.0,14.583333333333334,55.91576084816069,53.3046317837834,28.82882882882883,0.0
2021-12-01,97.77777777777777,35.41666666666667,73.33333333333333,12.083333333333334,22.5,66.28107608762849,61.77920682331771,40.99099099099099,0.0
2022-01-01,98.89502762430939,35.0,79.16666666666666,12.5,31.25,69.4159929810516,63.97530663083582,51.35135135135135,0.0
2022-02-01,98.9010989010989,34.166666666666664,90.0,21.25,9.166666666666666,71.21137412585881,64.07915811681376,42.34234234234234,0.0
2022-03-01,100.0,35.41666666666667,90.41666666666667,24.166666666666668,32.5,74.3685157236595,70.52357482024031,59.909909909909906,0.0
2022-04-01,98.36956521739131,33.33333333333333,81.25,31.25,24.166666666666668,70.52879094082812,62.83655241478896,54.95495495495496,0.0
2022-05-01,94.5945945945946,35.833333333333336,92.91666666666667,27.916666666666668,21.25,72.60628723701984,68.29002333578698,56.75675675675676,0.0
2022-06-01,92.47311827956989,37.5,82.91666666666667,31.25,24.166666666666668,69.46402168818399,61.008070313840435,57.20720720720721,0.0
2022-07-01,91.97860962566845,40.833333333333336,90.83333333333333,64.16666666666667,20.833333333333336,77.29570180966981,66.7888429951378,67.11711711711712,0.0
2022-08-01,92.02127659574468,43.333333333333336,82.08333333333333,86.25,18.75,80.4577684498042,65.49699378862012,72.52252252252252,0.0
2022-09-01,91.005291005291,45.0,92.91666666666667,84.58333333333333,15.833333333333332,82.92043499209524,70.14260205744857,72.97297297297297,0.0
2022-10-01,90.52631578947368,45.416666666666664,92.5,87.08333333333333,17.5,83.4174406721049,69.85705930331446,75.22522522522522,0.0
2022-11-01,90.0523560209424,49.583333333333336,81.25,97.5,22.916666666666664,83.8798906784137,69.70969637584703,81.08108108108108,0.0
2022-12-01,89.0625,54.58333333333333,78.75,99.16666666666667,25.0,84.20995402022514,71.07503923573614,82.43243243243244,0.0
2023-01-01,88.60103626943005,53.75,70.0,98.75,15.0,81.7038951316366,68.99904124198792,74.32432432432432,0.0
2023-02-01,89.17525773195877,57.49999999999999,62.916666666666664,99.16666666666667,20.416666666666668,81.23915313286251,70.15622474915442,77.02702702702703,0.0
2023-03-01,88.2051282051282,61.25000000000001,92.08333333333333,97.91666666666666,25.416666666666664,88.01273205047538,79.25441239775037,90.09009009009009,0.0
2023-04-01,87.24489795918367,62.916666666666664,83.33333333333334,96.66666666666667,23.75,85.30051580564528,75.26435196207743,84.68468468468468,0.0
2023-05-01,84.26395939086294,66.25,89.58333333333334,97.08333333333333,27.083333333333332,86.85208895130722,78.78717579568755,90.990990990991,0.0
2023-06-01,80.8080808080808,70.0,78.33333333333333,100.0,33.33333333333333,84.74132557813006,76.41898293484338,92.34234234234235,0.0
2023-07-01,81.90954773869346,72.5,72.91666666666666,99.58333333333333,26.25,84.19618669976829,75.28622493543442,88.73873873873875,0.0
2023-08-01,82.0,74.58333333333333,63.74999999999999,98.33333333333333,24.166666666666668,82.47994594503155,75.0326618481284,83.33333333333334,0.0
2023-09-01,81.09452736318407,73.33333333333333,55.41666666666667,90.41666666666667,22.916666666666664,77.95066785766751,71.305510103606,78.37837837837837,0.0
2023-10-01,81.1881188118812,72.5,81.25,77.91666666666667,35.833333333333336,79.38022785281986,74.37977146910553,88.28828828828829,0.0
2023-11-01,78.81773399014779,69.58333333333333,61.25000000000001,83.33333333333334,27.916666666666668,75.17431327286558,68.5403011566128,78.82882882882883,0.0
2023-12-01,75.49019607843137,70.41666666666667,47.91666666666667,85.0,20.833333333333336,72.80931952383807,66.75907659197303,71.62162162162163,0.0
2024-01-01,78.04878048780488,71.66666666666667,42.5,87.91666666666667,52.916666666666664,75.89411491612898,71.93882797646525,90.54054054054053,0.0
2024-02-01,79.12621359223301,72.08333333333333,35.41666666666667,86.25,45.416666666666664,74.70102111072116,70.21446087176555,82.88288288288288,0.0
2024-03-01,82.1256038647343,74.16666666666667,45.83333333333333,82.08333333333333,48.333333333333336,75.53243633151783,70.9729204828332,86.48648648648648,0.0
2024-04-01,83.65384615384616,75.0,57.91666666666667,85.0,53.333333333333336,78.29258627406891,75.08114421140056,92.7927927927928,0.0
2024-05-01,77.51196172248804,76.25,25.416666666666664,83.33333333333334,48.75,74.53138567633017,71.50883328386534,81.98198198198197,0.0
2024-06-01,71.42857142857143,79.16666666666666,37.916666666666664,86.25,47.91666666666667,74.89746151758975,72.85786331161324,86.93693693693693,0.0
2024-07-01,70.14218009478674,80.0,72.5,78.33333333333333,52.916666666666664,76.16664724940946,74.21064794123713,94.14414414414415,0.0
2024-08-01,55.660377358490564,80.0,85.0,69.58333333333333,56.25,75.99483276867603,75.55083887148653,95.4954954954955,0.0
2024-09-01,53.990610328638496,78.75,65.83333333333333,55.41666666666667,59.166666666666664,67.68604269244301,66.42540356848724,89.63963963963964,0.0
2024-10-01,71.49532710280374,77.91666666666667,65.0,55.833333333333336,56.666666666666664,70.13746598618374,68.91619481135037,87.38738738738738,0.0
2024-11-01,77.20930232558139,78.33333333333333,7.916666666666666,58.333333333333336,57.49999999999999,70.15060010717382,70.90756326078382,73.87387387387388,0.0
2024-12-01,75.0,77.08333333333334,3.3333333333333335,58.333333333333336,49.583333333333336,67.60476230797548,67.8885354102522,68.46846846846847,0.0
2025-01-01,80.18433179723502,76.25,19.166666666666668,49.583333333333336,42.916666666666664,66.20905593459746,64.90652693321854,65.31531531531532,0.0
2025-02-01,83.02752293577981,76.66666666666667,32.5,52.916666666666664,46.666666666666664,68.89923540637446,67.96537474060219,72.07207207207207,0.0
2025-03-01,76.71232876712328,76.66666666666667,79.58333333333333,54.166666666666664,42.5,74.23727067252918,75.27374632462517,81.53153153153153,0.0
2025-04-01,66.81818181818183,77.08333333333334,95.41666666666667,52.916666666666664,42.916666666666664,77.30027212793422,77.89467469441819,85.13513513513513,0.0
2025-05-01,69.23076923076923,78.75,74.16666666666667,50.0,52.083333333333336,71.37834155704132,69.6523129511803,84.23423423423422,0.0
2025-06-01,66.66666666666666,78.33333333333333,48.75,52.5,48.333333333333336,65.5007910917094,65.76111018798088,76.57657657657657,0.0
2025-07-01,73.54260089686099,77.91666666666667,5.833333333333333,54.58333333333333,40.0,64.96240706145419,68.38036205923189,61.261261261261254,0.0
2025-08-01,74.10714285714286,77.5,7.5,53.333333333333336,42.5,65.14377825510309,66.8719431745949,62.612612612612615,0.0
2025-09-01,72.0,79.16666666666666,14.583333333333334,53.333333333333336,40.0,64.76764260586823,66.59625183296868,63.96396396396396,0.0
2025-10-01,64.60176991150442,80.0,54.58333333333333,54.166666666666664,47.083333333333336,66.46739464214492,67.92967124628056,77.92792792792793,0.0
2025-11-01,63.87665198237885,79.16666666666666,53.75,54.58333333333333,43.333333333333336,65.6640375187405,66.69733196795453,75.67567567567568,0.0
2025-12-01,59.64912280701754,75.83333333333333,31.25,49.166666666666664,50.83333333333333,61.47600171935727,64.4464120455079,69.81981981981981,0.0
2026-01-01,63.31877729257642,72.91666666666666,32.083333333333336,48.75,44.166666666666664,60.285720600614034,63.6487675929272,66.66666666666666,0.0
2026-02-01,65.65217391304347,71.66666666666667,57.49999999999999,50.0,45.0,63.432868702568044,66.9522183551199,73.42342342342343,0.0
2026-03-01,72.2943722943723,59.583333333333336,78.75,54.166666666666664,48.333333333333336,68.94297364943428,72.28240555453587,80.18018018018019,
